België,Gewest,Provincie,Arrondissement,Gemeente,Totale bevolking
België,Vlaams Gewest,Provincie Antwerpen,Arrondissement Antwerpen,Antwerpen,498473
België,Vlaams Gewest,Provincie Oost-Vlaanderen,Arrondissement Gent,Gent,248358
België,Waals Gewest,Provincie Henegouwen,Arrondissement Charleroi,Charleroi,204150
België,Waals Gewest,Provincie Luik,Arrondissement Luik,Luik,195965
België,Brussels Hoofdstedelijk Gewest,,Arrondissement Brussel-Hoofdstad,Brussel,174383
België,Brussels Hoofdstedelijk Gewest,,Arrondissement Brussel-Hoofdstad,Schaarbeek,127525
België,Vlaams Gewest,Provincie West-Vlaanderen,Arrondissement Brugge,Brugge,117260
België,Waals Gewest,Provincie Namen,Arrondissement Namen,Namen,110175
België,Brussels Hoofdstedelijk Gewest,,Arrondissement Brussel-Hoofdstad,Anderlecht,108940
België,Vlaams Gewest,Provincie Vlaams-Brabant,Arrondissement Leuven,Leuven,97270
België,Waals Gewest,Provincie Henegouwen,Arrondissement Bergen,Bergen,92721
België,Brussels Hoofdstedelijk Gewest,,Arrondissement Brussel-Hoofdstad,Sint-Jans-Molenbeek,92661
België,Brussels Hoofdstedelijk Gewest,,Arrondissement Brussel-Hoofdstad,Elsene,82854
België,Vlaams Gewest,Provincie Antwerpen,Arrondissement Mechelen,Mechelen,82205
België,Vlaams Gewest,Provincie Oost-Vlaanderen,Arrondissement Aalst,Aalst (Aalst),81286
België,Brussels Hoofdstedelijk Gewest,,Arrondissement Brussel-Hoofdstad,Ukkel,78406
België,Waals Gewest,Provincie Henegouwen,Arrondissement Zinnik,La Louvière,78296
België,Vlaams Gewest,Provincie West-Vlaanderen,Arrondissement Kortrijk,Kortrijk,75223
België,Vlaams Gewest,Provincie Limburg,Arrondissement Hasselt,Hasselt,73930
België,Vlaams Gewest,Provincie Oost-Vlaanderen,Arrondissement Sint-Niklaas,Sint-Niklaas (Sint-Niklaas),72735
België,Vlaams Gewest,Provincie West-Vlaanderen,Arrondissement Oostende,Oostende,69980
België,Waals Gewest,Provincie Henegouwen,Arrondissement Doornik,Doornik,69592
België,Vlaams Gewest,Provincie Limburg,Arrondissement Hasselt,Genk,65051
België,Waals Gewest,Provincie Luik,Arrondissement Luik,Seraing,63363
België,Vlaams Gewest,Provincie West-Vlaanderen,Arrondissement Roeselare,Roeselare,58452
België,Waals Gewest,Provincie Luik,Arrondissement Verviers,Verviers,56325
België,Waals Gewest,Provincie Henegouwen,Arrondissement Moeskroen,Moeskroen,55257
België,Brussels Hoofdstedelijk Gewest,,Arrondissement Brussel-Hoofdstad,Vorst (Brussel-Hoofdstad),52028
België,Brussels Hoofdstedelijk Gewest,,Arrondissement Brussel-Hoofdstad,Sint-Lambrechts-Woluwe,51581
België,Brussels Hoofdstedelijk Gewest,,Arrondissement Brussel-Hoofdstad,Sint-Gillis,48829
België,Brussels Hoofdstedelijk Gewest,,Arrondissement Brussel-Hoofdstad,Jette,48117
België,Vlaams Gewest,Provincie Oost-Vlaanderen,Arrondissement Sint-Niklaas,Beveren (Sint-Niklaas),46588
België,Brussels Hoofdstedelijk Gewest,,Arrondissement Brussel-Hoofdstad,Etterbeek,45430
België,Vlaams Gewest,Provincie Oost-Vlaanderen,Arrondissement Dendermonde,Dendermonde,44318
België,Vlaams Gewest,Provincie Limburg,Arrondissement Hasselt,Beringen,43258
België,Vlaams Gewest,Provincie Antwerpen,Arrondissement Turnhout,Turnhout,41385
België,Vlaams Gewest,Provincie Vlaams-Brabant,Arrondissement Halle-Vilvoorde,Vilvoorde,40558
België,Vlaams Gewest,Provincie Antwerpen,Arrondissement Mechelen,Heist-op-den-Berg,40281
België,Vlaams Gewest,Provincie Vlaams-Brabant,Arrondissement Halle-Vilvoorde,Dilbeek,40255
België,Vlaams Gewest,Provincie Limburg,Arrondissement Hasselt,Sint-Truiden,40130
België,Vlaams Gewest,Provincie Oost-Vlaanderen,Arrondissement Sint-Niklaas,Lokeren,39623
België,Brussels Hoofdstedelijk Gewest,,Arrondissement Brussel-Hoofdstad,Sint-Pieters-Woluwe,39514
België,Waals Gewest,Provincie Luik,Arrondissement Luik,Herstal,38770
België,Waals Gewest,Provincie Waals-Brabant,Arrondissement Nijvel,Eigenbrakel,38572
België,Vlaams Gewest,Provincie Antwerpen,Arrondissement Turnhout,Geel,37529
België,Vlaams Gewest,Provincie Antwerpen,Arrondissement Antwerpen,Brasschaat,37256
België,Vlaams Gewest,Provincie Limburg,Arrondissement Tongeren,Maasmechelen,37225
België,Vlaams Gewest,Provincie Oost-Vlaanderen,Arrondissement Aalst,Ninove,37132
België,Brussels Hoofdstedelijk Gewest,,Arrondissement Brussel-Hoofdstad,Evere,36672
België,Vlaams Gewest,Provincie West-Vlaanderen,Arrondissement Kortrijk,Waregem,36658
België,Vlaams Gewest,Provincie Vlaams-Brabant,Arrondissement Halle-Vilvoorde,Halle (Halle-Vilvoorde),36347
België,Waals Gewest,Provincie Henegouwen,Arrondissement Charleroi,Châtelet,36093
België,Vlaams Gewest,Provincie Vlaams-Brabant,Arrondissement Halle-Vilvoorde,Grimbergen,35472
België,Vlaams Gewest,Provincie West-Vlaanderen,Arrondissement Ieper,Ieper,35218
België,Vlaams Gewest,Provincie Antwerpen,Arrondissement Turnhout,Mol,34529
België,Vlaams Gewest,Provincie Antwerpen,Arrondissement Mechelen,Lier,34200
België,Vlaams Gewest,Provincie West-Vlaanderen,Arrondissement Brugge,Knokke-Heist,34034
België,Vlaams Gewest,Provincie Antwerpen,Arrondissement Antwerpen,Schoten,33615
België,Vlaams Gewest,Provincie Oost-Vlaanderen,Arrondissement Gent,Evergem,33277
België,Vlaams Gewest,Provincie Limburg,Arrondissement Maaseik,Lommel,33227
België,Waals Gewest,Provincie Waals-Brabant,Arrondissement Nijvel,Waver,33167
België,Vlaams Gewest,Provincie West-Vlaanderen,Arrondissement Kortrijk,Menen,32964
België,Waals Gewest,Provincie Henegouwen,Arrondissement Thuin,Binche,32946
België,Vlaams Gewest,Provincie Vlaams-Brabant,Arrondissement Leuven,Tienen,32799
België,Vlaams Gewest,Provincie Oost-Vlaanderen,Arrondissement Aalst,Geraardsbergen,32477
België,Vlaams Gewest,Provincie Limburg,Arrondissement Hasselt,Heusden-Zolder,32065
België,Vlaams Gewest,Provincie Vlaams-Brabant,Arrondissement Halle-Vilvoorde,Sint-Pieters-Leeuw,31902
België,Brussels Hoofdstedelijk Gewest,,Arrondissement Brussel-Hoofdstad,Oudergem,31457
België,Vlaams Gewest,Provincie Vlaams-Brabant,Arrondissement Halle-Vilvoorde,Zaventem,31299
België,Vlaams Gewest,Provincie Limburg,Arrondissement Tongeren,Bilzen,31267
België,Vlaams Gewest,Provincie West-Vlaanderen,Arrondissement Kortrijk,Wevelgem,31121
België,Waals Gewest,Provincie Waals-Brabant,Arrondissement Nijvel,Ottignies-Louvain-la-Neuve,31040
België,Vlaams Gewest,Provincie Vlaams-Brabant,Arrondissement Halle-Vilvoorde,Asse,30595
België,Vlaams Gewest,Provincie Limburg,Arrondissement Tongeren,Tongeren,30374
België,Waals Gewest,Provincie Henegouwen,Arrondissement Charleroi,Courcelles,30367
België,Vlaams Gewest,Provincie Limburg,Arrondissement Maaseik,Houthalen-Helchteren,30356
België,Vlaams Gewest,Provincie Oost-Vlaanderen,Arrondissement Oudenaarde,Oudenaarde,30025
België,Waals Gewest,Provincie Waals-Brabant,Arrondissement Nijvel,Waterloo,29699
België,Vlaams Gewest,Provincie Oost-Vlaanderen,Arrondissement Gent,Deinze,29553
België,Vlaams Gewest,Provincie Vlaams-Brabant,Arrondissement Leuven,Aarschot,28647
België,Vlaams Gewest,Provincie Oost-Vlaanderen,Arrondissement Sint-Niklaas,Temse,28586
België,Waals Gewest,Provincie Henegouwen,Arrondissement Aat,Aat,28332
België,Waals Gewest,Provincie Luxemburg,Arrondissement Aarlen,Aarlen,28023
België,Vlaams Gewest,Provincie Antwerpen,Arrondissement Antwerpen,Brecht,27849
België,Brussels Hoofdstedelijk Gewest,,Arrondissement Brussel-Hoofdstad,Sint-Joost-ten-Node,27820
België,Waals Gewest,Provincie Luik,Arrondissement Luik,Ans,27652
België,Waals Gewest,Provincie Namen,Arrondissement Namen,Sambreville,27486
België,Vlaams Gewest,Provincie West-Vlaanderen,Arrondissement Roeselare,Izegem,27299
België,Vlaams Gewest,Provincie Antwerpen,Arrondissement Turnhout,Herentals,27179
België,Vlaams Gewest,Provincie Antwerpen,Arrondissement Antwerpen,Kapellen (Antwerpen),26930
België,Vlaams Gewest,Provincie West-Vlaanderen,Arrondissement Kortrijk,Harelbeke,26819
België,Waals Gewest,Provincie Waals-Brabant,Arrondissement Nijvel,Nijvel,26445
België,Waals Gewest,Provincie Henegouwen,Arrondissement Zinnik,Zinnik,26309
België,Vlaams Gewest,Provincie Limburg,Arrondissement Tongeren,Lanaken,25777
België,Waals Gewest,Provincie Namen,Arrondissement Namen,Andenne,25537
België,Waals Gewest,Provincie Luik,Arrondissement Luik,Flémalle,25351
België,Vlaams Gewest,Provincie Oost-Vlaanderen,Arrondissement Oudenaarde,Ronse,25202
België,Vlaams Gewest,Provincie Oost-Vlaanderen,Arrondissement Aalst,Zottegem,25084
België,Vlaams Gewest,Provincie Antwerpen,Arrondissement Antwerpen,Mortsel,24897
België,Vlaams Gewest,Provincie Limburg,Arrondissement Maaseik,Maaseik,24747
België,Vlaams Gewest,Provincie Antwerpen,Arrondissement Mechelen,Willebroek,24569
België,Vlaams Gewest,Provincie Vlaams-Brabant,Arrondissement Halle-Vilvoorde,Overijse,24533
België,Vlaams Gewest,Provincie Vlaams-Brabant,Arrondissement Halle-Vilvoorde,Beersel,24409
België,Brussels Hoofdstedelijk Gewest,,Arrondissement Brussel-Hoofdstad,Watermaal-Bosvoorde,24277
België,Vlaams Gewest,Provincie Antwerpen,Arrondissement Turnhout,Westerlo,24222
België,Vlaams Gewest,Provincie Oost-Vlaanderen,Arrondissement Dendermonde,Hamme (Dendermonde),24220
België,Waals Gewest,Provincie Luik,Arrondissement Luik,Oupeye,24177
België,Vlaams Gewest,Provincie West-Vlaanderen,Arrondissement Kortrijk,Zwevegem,24139
België,Vlaams Gewest,Provincie Oost-Vlaanderen,Arrondissement Dendermonde,Wetteren,23920
België,Waals Gewest,Provincie Waals-Brabant,Arrondissement Nijvel,Tubeke,23857
België,Waals Gewest,Provincie Namen,Arrondissement Namen,Gembloux,23749
België,Vlaams Gewest,Provincie Oost-Vlaanderen,Arrondissement Gent,Merelbeke,23402
België,Waals Gewest,Provincie Luik,Arrondissement Luik,Saint-Nicolas (Luik),23227
België,Vlaams Gewest,Provincie Vlaams-Brabant,Arrondissement Leuven,Diest,23206
België,Brussels Hoofdstedelijk Gewest,,Arrondissement Brussel-Hoofdstad,Ganshoren,23130
België,Vlaams Gewest,Provincie Oost-Vlaanderen,Arrondissement Eeklo,Maldegem,23088
België,Waals Gewest,Provincie Henegouwen,Arrondissement Bergen,Saint-Ghislain,22987
België,Brussels Hoofdstedelijk Gewest,,Arrondissement Brussel-Hoofdstad,Sint-Agatha-Berchem,22819
België,Vlaams Gewest,Provincie Vlaams-Brabant,Arrondissement Leuven,Scherpenheuvel-Zichem,22611
België,Waals Gewest,Provincie Henegouwen,Arrondissement Charleroi,Fleurus,22604
België,Vlaams Gewest,Provincie West-Vlaanderen,Arrondissement Brugge,Oostkamp,22560
België,Waals Gewest,Provincie Henegouwen,Arrondissement Charleroi,Manage,22466
België,Vlaams Gewest,Provincie West-Vlaanderen,Arrondissement Brugge,Zedelgem,22375
België,Waals Gewest,Provincie Waals-Brabant,Arrondissement Nijvel,Rixensart,22016
België,Vlaams Gewest,Provincie West-Vlaanderen,Arrondissement Veurne,Koksijde,21994
België,Vlaams Gewest,Provincie Vlaams-Brabant,Arrondissement Halle-Vilvoorde,Zemst,21990
België,Waals Gewest,Provincie Luik,Arrondissement Luik,Grâce-Hollogne,21937
België,Vlaams Gewest,Provincie Antwerpen,Arrondissement Mechelen,Nijlen,21833
België,Vlaams Gewest,Provincie Oost-Vlaanderen,Arrondissement Gent,Lochristi,21616
België,Vlaams Gewest,Provincie Antwerpen,Arrondissement Antwerpen,Zoersel,21455
België,Vlaams Gewest,Provincie Antwerpen,Arrondissement Turnhout,Balen,21339
België,Waals Gewest,Provincie Henegouwen,Arrondissement Zinnik,’s Gravenbrakel,21313
België,Vlaams Gewest,Provincie Vlaams-Brabant,Arrondissement Leuven,Tervuren,21238
België,Waals Gewest,Provincie Luik,Arrondissement Hoei,Hoei,21204
België,Waals Gewest,Provincie Henegouwen,Arrondissement Bergen,Frameries,21189
België,Vlaams Gewest,Provincie Antwerpen,Arrondissement Antwerpen,Edegem,21178
België,Waals Gewest,Provincie Luik,Arrondissement Luik,Chaudfontaine,21000
België,Vlaams Gewest,Provincie Limburg,Arrondissement Hasselt,Zonhoven,20858
België,Vlaams Gewest,Provincie Oost-Vlaanderen,Arrondissement Dendermonde,Zele,20778
België,Vlaams Gewest,Provincie Antwerpen,Arrondissement Mechelen,Bornem,20739
België,Vlaams Gewest,Provincie Antwerpen,Arrondissement Antwerpen,Kontich,20631
België,Vlaams Gewest,Provincie Vlaams-Brabant,Arrondissement Leuven,Herent,20442
België,Vlaams Gewest,Provincie Antwerpen,Arrondissement Mechelen,Sint-Katelijne-Waver,20362
België,Brussels Hoofdstedelijk Gewest,,Arrondissement Brussel-Hoofdstad,Koekelberg,20335
België,Vlaams Gewest,Provincie Oost-Vlaanderen,Arrondissement Eeklo,Eeklo,20324
België,Waals Gewest,Provincie Henegouwen,Arrondissement Bergen,Colfontaine,20198
België,Waals Gewest,Provincie Henegouwen,Arrondissement Bergen,Boussu,20105
België,Vlaams Gewest,Provincie Antwerpen,Arrondissement Turnhout,Hoogstraten,20072
België,Vlaams Gewest,Provincie West-Vlaanderen,Arrondissement Ieper,Poperinge,20010
België,Vlaams Gewest,Provincie West-Vlaanderen,Arrondissement Brugge,Torhout,19993
België,Vlaams Gewest,Provincie Limburg,Arrondissement Maaseik,Dilsen-Stokkem,19868
België,Vlaams Gewest,Provincie West-Vlaanderen,Arrondissement Tielt,Tielt (Tielt),19779
België,Vlaams Gewest,Provincie Oost-Vlaanderen,Arrondissement Gent,Aalter,19735
België,Vlaams Gewest,Provincie Antwerpen,Arrondissement Antwerpen,Schilde,19441
België,Vlaams Gewest,Provincie Oost-Vlaanderen,Arrondissement Aalst,Erpe-Mere,19420
België,Vlaams Gewest,Provincie Antwerpen,Arrondissement Antwerpen,Wuustwezel,19385
België,Waals Gewest,Provincie Henegouwen,Arrondissement Thuin,Morlanwelz,19203
België,Vlaams Gewest,Provincie Vlaams-Brabant,Arrondissement Leuven,Kortenberg,19158
België,Vlaams Gewest,Provincie West-Vlaanderen,Arrondissement Brugge,Blankenberge,19114
België,Waals Gewest,Provincie Luik,Arrondissement Verviers,Eupen,19099
België,Waals Gewest,Provincie Henegouwen,Arrondissement Bergen,Quaregnon,18989
België,Vlaams Gewest,Provincie West-Vlaanderen,Arrondissement Oostende,Middelkerke,18902
België,Vlaams Gewest,Provincie Oost-Vlaanderen,Arrondissement Aalst,Denderleeuw,18890
België,Vlaams Gewest,Provincie Oost-Vlaanderen,Arrondissement Sint-Niklaas,Sint-Gillis-Waas,18811
België,Vlaams Gewest,Provincie Antwerpen,Arrondissement Antwerpen,Ranst,18805
België,Vlaams Gewest,Provincie Antwerpen,Arrondissement Antwerpen,Zwijndrecht,18677
België,Waals Gewest,Provincie Namen,Arrondissement Namen,Jemeppe-sur-Sambre,18494
België,Waals Gewest,Provincie Henegouwen,Arrondissement Zinnik,Lessen,18412
België,Vlaams Gewest,Provincie Vlaams-Brabant,Arrondissement Halle-Vilvoorde,Meise,18353
België,Vlaams Gewest,Provincie West-Vlaanderen,Arrondissement Ieper,Wervik,18278
België,Vlaams Gewest,Provincie Limburg,Arrondissement Hasselt,Diepenbeek,18272
België,Vlaams Gewest,Provincie Oost-Vlaanderen,Arrondissement Dendermonde,Lebbeke,18267
België,Vlaams Gewest,Provincie Antwerpen,Arrondissement Turnhout,Kasterlee,18168
België,Waals Gewest,Provincie Namen,Arrondissement Philippeville,Walcourt,18114
België,Vlaams Gewest,Provincie Vlaams-Brabant,Arrondissement Halle-Vilvoorde,Sint-Genesius-Rode,17972
België,Vlaams Gewest,Provincie Limburg,Arrondissement Hasselt,Tessenderlo,17965
België,Vlaams Gewest,Provincie Antwerpen,Arrondissement Antwerpen,Essen,17963
België,Vlaams Gewest,Provincie Antwerpen,Arrondissement Antwerpen,Stabroek,17963
België,Vlaams Gewest,Provincie Antwerpen,Arrondissement Antwerpen,Kalmthout,17960
België,Vlaams Gewest,Provincie Oost-Vlaanderen,Arrondissement Aalst,Lede,17896
België,Waals Gewest,Provincie Henegouwen,Arrondissement Moeskroen,Komen-Waasten,17810
België,Vlaams Gewest,Provincie Vlaams-Brabant,Arrondissement Halle-Vilvoorde,Londerzeel,17794
België,Vlaams Gewest,Provincie Oost-Vlaanderen,Arrondissement Gent,Destelbergen,17672
België,Vlaams Gewest,Provincie Oost-Vlaanderen,Arrondissement Aalst,Haaltert,17669
België,Vlaams Gewest,Provincie Oost-Vlaanderen,Arrondissement Sint-Niklaas,Stekene,17448
België,Waals Gewest,Provincie Luxemburg,Arrondissement Marche-en-Famenne,Marche-en-Famenne,17418
België,Vlaams Gewest,Provincie Oost-Vlaanderen,Arrondissement Aalst,Herzele,17244
België,Waals Gewest,Provincie Henegouwen,Arrondissement Charleroi,Fontaine-l’Evêque,17180
België,Waals Gewest,Provincie Luik,Arrondissement Verviers,Herve,17152
België,Waals Gewest,Provincie Luik,Arrondissement Luik,Wezet,17124
België,Waals Gewest,Provincie Henegouwen,Arrondissement Doornik,Péruwelz,17108
België,Vlaams Gewest,Provincie Antwerpen,Arrondissement Turnhout,Beerse,17056
België,Vlaams Gewest,Provincie Antwerpen,Arrondissement Antwerpen,Boom,17042
België,Waals Gewest,Provincie Henegouwen,Arrondissement Bergen,Dour,16943
België,Waals Gewest,Provincie Henegouwen,Arrondissement Charleroi,Pont-à-Celles,16842
België,Vlaams Gewest,Provincie Antwerpen,Arrondissement Mechelen,Duffel,16779
België,Vlaams Gewest,Provincie Antwerpen,Arrondissement Mechelen,Puurs,16633
België,Vlaams Gewest,Provincie Antwerpen,Arrondissement Mechelen,Putte,16592
België,Vlaams Gewest,Provincie Limburg,Arrondissement Maaseik,Neerpelt,16588
België,Vlaams Gewest,Provincie West-Vlaanderen,Arrondissement Oostende,Bredene,16411
België,Vlaams Gewest,Provincie West-Vlaanderen,Arrondissement Diksmuide,Diksmuide,16403
België,Vlaams Gewest,Provincie Antwerpen,Arrondissement Turnhout,Lille,16395
België,Waals Gewest,Provincie Luik,Arrondissement Luik,Soumagne,16277
België,Waals Gewest,Provincie Luik,Arrondissement Luik,Fléron,16250
België,Vlaams Gewest,Provincie Limburg,Arrondissement Tongeren,Riemst,16232
België,Vlaams Gewest,Provincie Limburg,Arrondissement Maaseik,Peer,16185
België,Vlaams Gewest,Provincie Oost-Vlaanderen,Arrondissement Sint-Niklaas,Kruibeke,15994
België,Waals Gewest,Provincie Luxemburg,Arrondissement Aarlen,Aubange,15858
België,Vlaams Gewest,Provincie Vlaams-Brabant,Arrondissement Leuven,Rotselaar,15768
België,Waals Gewest,Provincie Namen,Arrondissement Dinant,Ciney,15714
België,Vlaams Gewest,Provincie Vlaams-Brabant,Arrondissement Halle-Vilvoorde,Merchtem,15582
België,Vlaams Gewest,Provincie Vlaams-Brabant,Arrondissement Leuven,Landen,15462
België,Vlaams Gewest,Provincie Antwerpen,Arrondissement Turnhout,Laakdal,15439
België,Waals Gewest,Provincie Luik,Arrondissement Borgworm,Hannuit,15404
België,Vlaams Gewest,Provincie Vlaams-Brabant,Arrondissement Halle-Vilvoorde,Wemmel,15326
België,Waals Gewest,Provincie Namen,Arrondissement Namen,Eghezée,15275
België,Vlaams Gewest,Provincie Limburg,Arrondissement Maaseik,Bree,15263
België,Vlaams Gewest,Provincie West-Vlaanderen,Arrondissement Brugge,Beernem,15231
België,Waals Gewest,Provincie Luik,Arrondissement Verviers,Dison,15147
België,Vlaams Gewest,Provincie Oost-Vlaanderen,Arrondissement Gent,Zulte,15130
België,Vlaams Gewest,Provincie Limburg,Arrondissement Hasselt,Leopoldsburg,15114
België,Vlaams Gewest,Provincie Vlaams-Brabant,Arrondissement Halle-Vilvoorde,Ternat,15085
België,Waals Gewest,Provincie Luxemburg,Arrondissement Bastenaken,Bastenaken,15059
België,Waals Gewest,Provincie Waals-Brabant,Arrondissement Nijvel,Genepiën,14913
België,Vlaams Gewest,Provincie Antwerpen,Arrondissement Antwerpen,Rumst,14780
België,Waals Gewest,Provincie Luik,Arrondissement Borgworm,Borgworm,14754
België,Vlaams Gewest,Provincie Antwerpen,Arrondissement Mechelen,Bonheiden,14686
België,Vlaams Gewest,Provincie Antwerpen,Arrondissement Antwerpen,Malle,14645
België,Waals Gewest,Provincie Henegouwen,Arrondissement Thuin,Thuin,14641
België,Vlaams Gewest,Provincie Vlaams-Brabant,Arrondissement Leuven,Tremelo,14606
België,Vlaams Gewest,Provincie Oost-Vlaanderen,Arrondissement Dendermonde,Berlare,14588
België,Vlaams Gewest,Provincie Antwerpen,Arrondissement Turnhout,Ravels,14455
België,Waals Gewest,Provincie Henegouwen,Arrondissement Charleroi,Chapelle-lez-Herlaimont,14433
België,Vlaams Gewest,Provincie Antwerpen,Arrondissement Turnhout,Herselt,14400
België,Vlaams Gewest,Provincie West-Vlaanderen,Arrondissement Kortrijk,Anzegem,14345
België,Vlaams Gewest,Provincie Limburg,Arrondissement Hasselt,Lummen,14344
België,Vlaams Gewest,Provincie Antwerpen,Arrondissement Antwerpen,Aartselaar,14335
België,Vlaams Gewest,Provincie Limburg,Arrondissement Maaseik,Overpelt,14299
België,Vlaams Gewest,Provincie Limburg,Arrondissement Maaseik,Hamont-Achel,14199
België,Vlaams Gewest,Provincie Vlaams-Brabant,Arrondissement Leuven,Haacht,14195
België,Vlaams Gewest,Provincie Oost-Vlaanderen,Arrondissement Oudenaarde,Brakel,14191
België,Vlaams Gewest,Provincie Oost-Vlaanderen,Arrondissement Dendermonde,Buggenhout,14183
België,Waals Gewest,Provincie Waals-Brabant,Arrondissement Nijvel,Lasne,14079
België,Vlaams Gewest,Provincie West-Vlaanderen,Arrondissement Tielt,Wingene,14016
België,Vlaams Gewest,Provincie Oost-Vlaanderen,Arrondissement Eeklo,Assenede,13896
België,Vlaams Gewest,Provincie Vlaams-Brabant,Arrondissement Leuven,Lubbeek,13889
België,Waals Gewest,Provincie Luik,Arrondissement Luik,Sprimont,13881
België,Vlaams Gewest,Provincie West-Vlaanderen,Arrondissement Oostende,Ichtegem,13878
België,Waals Gewest,Provincie Namen,Arrondissement Philippeville,Couvin,13795
België,Waals Gewest,Provincie Namen,Arrondissement Dinant,Dinant,13780
België,Waals Gewest,Provincie Henegouwen,Arrondissement Aat,Beloeil,13761
België,Waals Gewest,Provincie Luik,Arrondissement Hoei,Amay,13727
België,Vlaams Gewest,Provincie Vlaams-Brabant,Arrondissement Halle-Vilvoorde,Wezembeek-Oppem,13715
België,Vlaams Gewest,Provincie West-Vlaanderen,Arrondissement Brugge,Jabbeke,13710
België,Vlaams Gewest,Provincie Vlaams-Brabant,Arrondissement Halle-Vilvoorde,Machelen (Halle-Vilvoorde),13585
België,Waals Gewest,Provincie Henegouwen,Arrondissement Doornik,Leuze-en-Hainaut,13535
België,Vlaams Gewest,Provincie Vlaams-Brabant,Arrondissement Halle-Vilvoorde,Opwijk,13474
België,Waals Gewest,Provincie Waals-Brabant,Arrondissement Nijvel,Geldenaken,13431
België,Vlaams Gewest,Provincie Vlaams-Brabant,Arrondissement Halle-Vilvoorde,Kraainem,13415
België,Waals Gewest,Provincie Henegouwen,Arrondissement Thuin,Ham-sur-Heure-Nalinnes,13384
België,Vlaams Gewest,Provincie Oost-Vlaanderen,Arrondissement Gent,Oosterzele,13372
België,Vlaams Gewest,Provincie Antwerpen,Arrondissement Turnhout,Arendonk,13227
België,Waals Gewest,Provincie Luik,Arrondissement Luik,Blégny,13197
België,Waals Gewest,Provincie Luik,Arrondissement Luik,Esneux,13172
België,Waals Gewest,Provincie Luik,Arrondissement Hoei,Wanze,13131
België,Waals Gewest,Provincie Henegouwen,Arrondissement Zinnik,Edingen,13006
België,Vlaams Gewest,Provincie West-Vlaanderen,Arrondissement Kortrijk,Kuurne,12986
België,Vlaams Gewest,Provincie Limburg,Arrondissement Maaseik,Meeuwen-Gruitrode,12927
België,Vlaams Gewest,Provincie Antwerpen,Arrondissement Turnhout,Oud-Turnhout,12924
België,Waals Gewest,Provincie Waals-Brabant,Arrondissement Nijvel,Graven,12774
België,Vlaams Gewest,Provincie Antwerpen,Arrondissement Antwerpen,Boechout,12764
België,Vlaams Gewest,Provincie Vlaams-Brabant,Arrondissement Leuven,Keerbergen,12749
België,Vlaams Gewest,Provincie Limburg,Arrondissement Maaseik,Bocholt,12731
België,Waals Gewest,Provincie Namen,Arrondissement Namen,Mettet,12711
België,Vlaams Gewest,Provincie Oost-Vlaanderen,Arrondissement Eeklo,Zelzate,12582
België,Vlaams Gewest,Provincie Vlaams-Brabant,Arrondissement Halle-Vilvoorde,Liedekerke,12543
België,Vlaams Gewest,Provincie Antwerpen,Arrondissement Antwerpen,Zandhoven,12541
België,Vlaams Gewest,Provincie West-Vlaanderen,Arrondissement Oostende,De Haan,12533
België,Vlaams Gewest,Provincie Vlaams-Brabant,Arrondissement Halle-Vilvoorde,Affligem,12476
België,Vlaams Gewest,Provincie Oost-Vlaanderen,Arrondissement Gent,Gavere,12457
België,Vlaams Gewest,Provincie Antwerpen,Arrondissement Antwerpen,Wommelgem,12405
België,Waals Gewest,Provincie Namen,Arrondissement Dinant,Rochefort,12403
België,Vlaams Gewest,Provincie West-Vlaanderen,Arrondissement Ieper,Zonnebeke,12317
België,Vlaams Gewest,Provincie Limburg,Arrondissement Maaseik,Kinrooi,12291
België,Vlaams Gewest,Provincie Limburg,Arrondissement Hasselt,Herk-de-Stad,12282
België,Waals Gewest,Provincie Luik,Arrondissement Verviers,Malmedy,12232
België,Waals Gewest,Provincie Henegouwen,Arrondissement Charleroi,Gerpinnes,12230
België,Vlaams Gewest,Provincie Oost-Vlaanderen,Arrondissement Dendermonde,Laarne,12218
België,Vlaams Gewest,Provincie West-Vlaanderen,Arrondissement Diksmuide,Kortemark,12187
België,Vlaams Gewest,Provincie Vlaams-Brabant,Arrondissement Halle-Vilvoorde,Steenokkerzeel,12092
België,Waals Gewest,Provincie Luik,Arrondissement Luik,Beyne-Heusay,12036
België,Waals Gewest,Provincie Luik,Arrondissement Verviers,Theux,12007
België,Vlaams Gewest,Provincie Oost-Vlaanderen,Arrondissement Gent,Nevele,11953
België,Vlaams Gewest,Provincie Vlaams-Brabant,Arrondissement Leuven,Boortmeerbeek,11891
België,Vlaams Gewest,Provincie Limburg,Arrondissement Maaseik,Hechtel-Eksel,11886
België,Waals Gewest,Provincie Luik,Arrondissement Luik,Aywaille,11822
België,Vlaams Gewest,Provincie West-Vlaanderen,Arrondissement Oostende,Gistel,11806
België,Vlaams Gewest,Provincie Antwerpen,Arrondissement Turnhout,Olen,11794
België,Waals Gewest,Provincie Henegouwen,Arrondissement Thuin,Anderlues,11763
België,Waals Gewest,Provincie Henegouwen,Arrondissement Aat,Bernissart,11729
België,Waals Gewest,Provincie Luxemburg,Arrondissement Virton,Virton,11587
België,Vlaams Gewest,Provincie West-Vlaanderen,Arrondissement Veurne,Veurne,11571
België,Waals Gewest,Provincie Namen,Arrondissement Namen,Profondeville,11562
België,Waals Gewest,Provincie Namen,Arrondissement Philippeville,Florennes,11512
België,Waals Gewest,Provincie Waals-Brabant,Arrondissement Nijvel,Chaumont-Gistoux,11491
België,Vlaams Gewest,Provincie West-Vlaanderen,Arrondissement Veurne,Nieuwpoort,11398
België,Waals Gewest,Provincie Henegouwen,Arrondissement Aat,Frasnes-lez-Anvaing,11347
België,Vlaams Gewest,Provincie West-Vlaanderen,Arrondissement Kortrijk,Deerlijk,11314
België,Vlaams Gewest,Provincie Vlaams-Brabant,Arrondissement Halle-Vilvoorde,Roosdaal,11303
België,Vlaams Gewest,Provincie Limburg,Arrondissement Tongeren,Alken,11301
België,Vlaams Gewest,Provincie Oost-Vlaanderen,Arrondissement Dendermonde,Wichelen,11300
België,Vlaams Gewest,Provincie Antwerpen,Arrondissement Turnhout,Rijkevorsel,11293
België,Vlaams Gewest,Provincie Oost-Vlaanderen,Arrondissement Gent,Nazareth,11263
België,Vlaams Gewest,Provincie Vlaams-Brabant,Arrondissement Halle-Vilvoorde,Kampenhout,11252
België,Waals Gewest,Provincie Luxemburg,Arrondissement Marche-en-Famenne,Durbuy,11186
België,Vlaams Gewest,Provincie West-Vlaanderen,Arrondissement Tielt,Meulebeke,11100
België,Vlaams Gewest,Provincie Antwerpen,Arrondissement Turnhout,Grobbendonk,11056
België,Waals Gewest,Provincie Henegouwen,Arrondissement Charleroi,Farciennes,11045
België,Vlaams Gewest,Provincie Vlaams-Brabant,Arrondissement Leuven,Oud-Heverlee,11012
België,Vlaams Gewest,Provincie West-Vlaanderen,Arrondissement Roeselare,Staden,10980
België,Waals Gewest,Provincie Luik,Arrondissement Verviers,Kelmis,10940
België,Waals Gewest,Provincie Henegouwen,Arrondissement Charleroi,Seneffe,10918
België,Vlaams Gewest,Provincie Antwerpen,Arrondissement Mechelen,Berlaar,10900
België,Vlaams Gewest,Provincie Oost-Vlaanderen,Arrondissement Gent,Melle,10879
België,Vlaams Gewest,Provincie West-Vlaanderen,Arrondissement Roeselare,Moorslede,10870
België,Vlaams Gewest,Provincie West-Vlaanderen,Arrondissement Brugge,Damme,10845
België,Vlaams Gewest,Provincie Antwerpen,Arrondissement Turnhout,Retie,10841
België,Vlaams Gewest,Provincie West-Vlaanderen,Arrondissement Roeselare,Ingelmunster,10752
België,Vlaams Gewest,Provincie West-Vlaanderen,Arrondissement Veurne,De Panne,10748
België,Waals Gewest,Provincie Henegouwen,Arrondissement Charleroi,Aiseau-Presles,10650
België,Waals Gewest,Provincie Henegouwen,Arrondissement Zinnik,Ecaussinnes,10633
België,Waals Gewest,Provincie Waals-Brabant,Arrondissement Nijvel,Rebecq,10593
België,Waals Gewest,Provincie Luik,Arrondissement Verviers,Spa,10544
België,Vlaams Gewest,Provincie Oost-Vlaanderen,Arrondissement Dendermonde,Waasmunster,10518
België,Vlaams Gewest,Provincie Antwerpen,Arrondissement Turnhout,Vosselaar,10501
België,Waals Gewest,Provincie Luik,Arrondissement Verviers,Raeren,10488
België,Waals Gewest,Provincie Luxemburg,Arrondissement Neufchâteau,Libramont-Chevigny,10488
België,Vlaams Gewest,Provincie Limburg,Arrondissement Tongeren,Borgloon,10474
België,Vlaams Gewest,Provincie Vlaams-Brabant,Arrondissement Leuven,Tielt-Winge,10438
België,Vlaams Gewest,Provincie Vlaams-Brabant,Arrondissement Halle-Vilvoorde,Hoeilaart,10429
België,Vlaams Gewest,Provincie Limburg,Arrondissement Hasselt,Ham,10397
België,Vlaams Gewest,Provincie Antwerpen,Arrondissement Antwerpen,Hemiksem,10346
België,Vlaams Gewest,Provincie Oost-Vlaanderen,Arrondissement Gent,De Pinte,10290
België,Vlaams Gewest,Provincie Antwerpen,Arrondissement Antwerpen,Borsbeek,10235
België,Waals Gewest,Provincie Waals-Brabant,Arrondissement Nijvel,Villers-la-Ville,10164
België,Waals Gewest,Provincie Henegouwen,Arrondissement Charleroi,Montigny-le-Tilleul,10151
België,Vlaams Gewest,Provincie Limburg,Arrondissement Hasselt,Opglabbeek,10127
België,Waals Gewest,Provincie Henegouwen,Arrondissement Bergen,Jurbeke,10043
België,Waals Gewest,Provincie Henegouwen,Arrondissement Doornik,Estaimpuis,10037
België,Vlaams Gewest,Provincie Antwerpen,Arrondissement Turnhout,Hulshout,9986
België,Vlaams Gewest,Provincie West-Vlaanderen,Arrondissement Roeselare,Hooglede,9971
België,Waals Gewest,Provincie Waals-Brabant,Arrondissement Nijvel,Court-Saint-Etienne,9948
België,Waals Gewest,Provincie Namen,Arrondissement Namen,Fosses-la-Ville,9904
België,Waals Gewest,Provincie Luik,Arrondissement Verviers,Plombières,9890
België,Vlaams Gewest,Provincie Oost-Vlaanderen,Arrondissement Aalst,Sint-Lievens-Houtem,9875
België,Waals Gewest,Provincie Henegouwen,Arrondissement Thuin,Chimay,9871
België,Waals Gewest,Provincie Luik,Arrondissement Luik,Neupré,9868
België,Vlaams Gewest,Provincie Vlaams-Brabant,Arrondissement Leuven,Begijnendijk,9853
België,Waals Gewest,Provincie Waals-Brabant,Arrondissement Nijvel,Kasteelbrakel,9843
België,Vlaams Gewest,Provincie Antwerpen,Arrondissement Turnhout,Meerhout,9817
België,Waals Gewest,Provincie Henegouwen,Arrondissement Thuin,Erquelinnes,9752
België,Waals Gewest,Provincie Luik,Arrondissement Verviers,Pepinster,9726
België,Vlaams Gewest,Provincie Vlaams-Brabant,Arrondissement Leuven,Holsbeek,9712
België,Vlaams Gewest,Provincie West-Vlaanderen,Arrondissement Kortrijk,Avelgem,9671
België,Waals Gewest,Provincie Luik,Arrondissement Verviers,Welkenraedt,9655
België,Vlaams Gewest,Provincie West-Vlaanderen,Arrondissement Diksmuide,Houthulst,9652
België,Vlaams Gewest,Provincie Limburg,Arrondissement Tongeren,Hoeselt,9608
België,Vlaams Gewest,Provincie West-Vlaanderen,Arrondissement Roeselare,Ledegem,9603
België,Vlaams Gewest,Provincie Vlaams-Brabant,Arrondissement Leuven,Bertem,9570
België,Vlaams Gewest,Provincie Vlaams-Brabant,Arrondissement Leuven,Bierbeek,9508
België,Vlaams Gewest,Provincie Oost-Vlaanderen,Arrondissement Gent,Lovendegem,9500
België,Vlaams Gewest,Provincie Vlaams-Brabant,Arrondissement Leuven,Huldenberg,9471
België,Vlaams Gewest,Provincie Antwerpen,Arrondissement Antwerpen,Niel,9408
België,Waals Gewest,Provincie Luik,Arrondissement Verviers,Sankt Vith,9399
België,Waals Gewest,Provincie Namen,Arrondissement Dinant,Yvoir,9274
België,Vlaams Gewest,Provincie Limburg,Arrondissement Hasselt,Halen,9257
België,Vlaams Gewest,Provincie Antwerpen,Arrondissement Turnhout,Dessel,9185
België,Vlaams Gewest,Provincie West-Vlaanderen,Arrondissement Tielt,Wielsbeke,9177
België,Vlaams Gewest,Provincie Vlaams-Brabant,Arrondissement Halle-Vilvoorde,Gooik,9113
België,Waals Gewest,Provincie Henegouwen,Arrondissement Charleroi,Les Bons Villers,9102
België,Vlaams Gewest,Provincie Vlaams-Brabant,Arrondissement Halle-Vilvoorde,Kapelle-op-den-Bos,9090
België,Vlaams Gewest,Provincie West-Vlaanderen,Arrondissement Tielt,Ardooie,9072
België,Vlaams Gewest,Provincie West-Vlaanderen,Arrondissement Oostende,Oudenburg,9061
België,Vlaams Gewest,Provincie Antwerpen,Arrondissement Antwerpen,Wijnegem,9055
België,Waals Gewest,Provincie Namen,Arrondissement Philippeville,Philippeville,9053
België,Waals Gewest,Provincie Luik,Arrondissement Luik,Juprelle,9040
België,Waals Gewest,Provincie Namen,Arrondissement Dinant,Beauraing,9005
België,Vlaams Gewest,Provincie Vlaams-Brabant,Arrondissement Halle-Vilvoorde,Lennik,8880
België,Waals Gewest,Provincie Namen,Arrondissement Namen,La Bruyère,8861
België,Waals Gewest,Provincie Luik,Arrondissement Luik,Awans,8859
België,Vlaams Gewest,Provincie Antwerpen,Arrondissement Turnhout,Herenthout,8741
België,Waals Gewest,Provincie Luik,Arrondissement Luik,Bitsingen,8724
België,Vlaams Gewest,Provincie Antwerpen,Arrondissement Antwerpen,Lint,8672
België,Vlaams Gewest,Provincie Antwerpen,Arrondissement Turnhout,Merksplas,8641
België,Vlaams Gewest,Provincie Vlaams-Brabant,Arrondissement Halle-Vilvoorde,Galmaarden,8519
België,Vlaams Gewest,Provincie West-Vlaanderen,Arrondissement Roeselare,Lichtervelde,8502
België,Vlaams Gewest,Provincie West-Vlaanderen,Arrondissement Diksmuide,Koekelare,8467
België,Waals Gewest,Provincie Luxemburg,Arrondissement Neufchâteau,Bertrix,8422
België,Vlaams Gewest,Provincie Oost-Vlaanderen,Arrondissement Gent,Sint-Martens-Latem,8391
België,Waals Gewest,Provincie Luik,Arrondissement Luik,Trooz,8369
België,Vlaams Gewest,Provincie Limburg,Arrondissement Tongeren,Kortessem,8336
België,Vlaams Gewest,Provincie West-Vlaanderen,Arrondissement Tielt,Dentergem,8311
België,Waals Gewest,Provincie Luik,Arrondissement Verviers,Jalhay,8305
België,Waals Gewest,Provincie Henegouwen,Arrondissement Zinnik,Le Roeulx,8282
België,Waals Gewest,Provincie Waals-Brabant,Arrondissement Nijvel,Orp-Jauche,8267
België,Vlaams Gewest,Provincie Vlaams-Brabant,Arrondissement Leuven,Zoutleeuw,8246
België,Vlaams Gewest,Provincie Limburg,Arrondissement Hasselt,Gingelom,8221
België,Waals Gewest,Provincie Luxemburg,Arrondissement Virton,Habay,8219
België,Vlaams Gewest,Provincie Antwerpen,Arrondissement Antwerpen,Hove (Antwerpen),8198
België,Vlaams Gewest,Provincie Oost-Vlaanderen,Arrondissement Gent,Knesselare,8187
België,Vlaams Gewest,Provincie Oost-Vlaanderen,Arrondissement Gent,Zomergem,8172
België,Vlaams Gewest,Provincie Oost-Vlaanderen,Arrondissement Oudenaarde,Kruishoutem,8162
België,Waals Gewest,Provincie Henegouwen,Arrondissement Zinnik,Opzullik,8160
België,Vlaams Gewest,Provincie Antwerpen,Arrondissement Mechelen,Sint-Amands,8149
België,Waals Gewest,Provincie Namen,Arrondissement Namen,Sombreffe,8140
België,Waals Gewest,Provincie Waals-Brabant,Arrondissement Nijvel,Perwijs (Nijvel),8104
België,Vlaams Gewest,Provincie Oost-Vlaanderen,Arrondissement Oudenaarde,Zwalm,8100
België,Vlaams Gewest,Provincie Antwerpen,Arrondissement Antwerpen,Schelle,8098
België,Vlaams Gewest,Provincie West-Vlaanderen,Arrondissement Ieper,Heuvelland,8003
België,Vlaams Gewest,Provincie West-Vlaanderen,Arrondissement Ieper,Langemark-Poelkapelle,7962
België,Vlaams Gewest,Provincie Oost-Vlaanderen,Arrondissement Gent,Waarschoot,7940
België,Vlaams Gewest,Provincie Limburg,Arrondissement Hasselt,As,7867
België,Waals Gewest,Provincie Henegouwen,Arrondissement Doornik,Brunehaut,7865
België,Waals Gewest,Provincie Luxemburg,Arrondissement Aarlen,Messancy,7863
België,Waals Gewest,Provincie Henegouwen,Arrondissement Bergen,Quévy,7829
België,Waals Gewest,Provincie Namen,Arrondissement Namen,Floreffe,7818
België,Vlaams Gewest,Provincie Vlaams-Brabant,Arrondissement Leuven,Kortenaken,7817
België,Waals Gewest,Provincie Henegouwen,Arrondissement Thuin,Estinnes,7727
België,Vlaams Gewest,Provincie Vlaams-Brabant,Arrondissement Leuven,Boutersem,7696
België,Waals Gewest,Provincie Henegouwen,Arrondissement Doornik,Antoing,7667
België,Vlaams Gewest,Provincie Antwerpen,Arrondissement Turnhout,Vorselaar,7560
België,Vlaams Gewest,Provincie West-Vlaanderen,Arrondissement Tielt,Oostrozebeke,7546
België,Waals Gewest,Provincie Luxemburg,Arrondissement Bastenaken,Vielsalm,7536
België,Waals Gewest,Provincie Waals-Brabant,Arrondissement Nijvel,Terhulpen,7479
België,Vlaams Gewest,Provincie Limburg,Arrondissement Tongeren,Wellen,7392
België,Vlaams Gewest,Provincie Oost-Vlaanderen,Arrondissement Gent,Wachtebeke,7235
België,Waals Gewest,Provincie Namen,Arrondissement Dinant,Hamois,7225
België,Vlaams Gewest,Provincie Oost-Vlaanderen,Arrondissement Oudenaarde,Zingem,7209
België,Waals Gewest,Provincie Namen,Arrondissement Namen,Fernelmont,7150
België,Vlaams Gewest,Provincie Limburg,Arrondissement Tongeren,Heers,7106
België,Vlaams Gewest,Provincie Vlaams-Brabant,Arrondissement Leuven,Linter,7100
België,Waals Gewest,Provincie Luxemburg,Arrondissement Neufchâteau,Neufchâteau (Neufchâteau),7093
België,Waals Gewest,Provincie Henegouwen,Arrondissement Thuin,Beaumont,7084
België,Vlaams Gewest,Provincie Limburg,Arrondissement Hasselt,Zutendaal,7074
België,Waals Gewest,Provincie Luik,Arrondissement Verviers,Weismes,7054
België,Waals Gewest,Provincie Namen,Arrondissement Dinant,Anhée,7034
België,Waals Gewest,Provincie Waals-Brabant,Arrondissement Nijvel,Chastre,6986
België,Waals Gewest,Provincie Luik,Arrondissement Luik,Dalhem,6908
België,Waals Gewest,Provincie Waals-Brabant,Arrondissement Nijvel,Mont-Saint-Guibert,6896
België,Waals Gewest,Provincie Luik,Arrondissement Verviers,Stavelot,6884
België,Waals Gewest,Provincie Henegouwen,Arrondissement Bergen,Hensies,6778
België,Waals Gewest,Provincie Namen,Arrondissement Namen,Gesves,6749
België,Waals Gewest,Provincie Waals-Brabant,Arrondissement Nijvel,Bevekom,6742
België,Vlaams Gewest,Provincie West-Vlaanderen,Arrondissement Tielt,Pittem,6732
België,Vlaams Gewest,Provincie Limburg,Arrondissement Hasselt,Nieuwerkerken (Hasselt),6695
België,Waals Gewest,Provincie Henegouwen,Arrondissement Bergen,Quiévrain,6688
België,Waals Gewest,Provincie Namen,Arrondissement Namen,Assesse,6660
België,Vlaams Gewest,Provincie Vlaams-Brabant,Arrondissement Leuven,Hoegaarden,6647
België,Waals Gewest,Provincie Henegouwen,Arrondissement Aat,Chièvres,6625
België,Vlaams Gewest,Provincie Vlaams-Brabant,Arrondissement Halle-Vilvoorde,Herne,6622
België,Vlaams Gewest,Provincie Oost-Vlaanderen,Arrondissement Eeklo,Sint-Laureins,6546
België,Waals Gewest,Provincie Luik,Arrondissement Borgworm,Saint-Georges-sur-Meuse,6520
België,Vlaams Gewest,Provincie Oost-Vlaanderen,Arrondissement Oudenaarde,Lierde,6501
België,Vlaams Gewest,Provincie Oost-Vlaanderen,Arrondissement Oudenaarde,Kluisbergen,6490
België,Waals Gewest,Provincie Waals-Brabant,Arrondissement Nijvel,Itter,6460
België,Vlaams Gewest,Provincie Oost-Vlaanderen,Arrondissement Oudenaarde,Maarkedal,6457
België,Waals Gewest,Provincie Waals-Brabant,Arrondissement Nijvel,Walhain,6443
België,Waals Gewest,Provincie Luik,Arrondissement Hoei,Villers-Le-Bouillet,6339
België,Vlaams Gewest,Provincie Oost-Vlaanderen,Arrondissement Eeklo,Kaprijke,6305
België,Vlaams Gewest,Provincie Oost-Vlaanderen,Arrondissement Oudenaarde,Wortegem-Petegem,6282
België,Waals Gewest,Provincie Waals-Brabant,Arrondissement Nijvel,Ramillies,6162
België,Vlaams Gewest,Provincie Vlaams-Brabant,Arrondissement Leuven,Bekkevoort,6097
België,Vlaams Gewest,Provincie Oost-Vlaanderen,Arrondissement Gent,Moerbeke (Gent),6037
België,Vlaams Gewest,Provincie Vlaams-Brabant,Arrondissement Leuven,Geetbets,5932
België,Waals Gewest,Provincie Namen,Arrondissement Philippeville,Viroinval,5914
België,Waals Gewest,Provincie Henegouwen,Arrondissement Aat,Elzele,5877
België,Waals Gewest,Provincie Luik,Arrondissement Borgworm,Braives,5853
België,Waals Gewest,Provincie Luik,Arrondissement Verviers,Limburg,5786
België,Waals Gewest,Provincie Luik,Arrondissement Hoei,Engis,5762
België,Waals Gewest,Provincie Luik,Arrondissement Hoei,Nandrin,5744
België,Waals Gewest,Provincie Luik,Arrondissement Verviers,Büllingen,5720
België,Waals Gewest,Provincie Luik,Arrondissement Verviers,Bütgenbach,5718
België,Waals Gewest,Provincie Luxemburg,Arrondissement Neufchâteau,Saint-Hubert,5709
België,Waals Gewest,Provincie Henegouwen,Arrondissement Thuin,Lobbes,5695
België,Waals Gewest,Provincie Namen,Arrondissement Dinant,Hastière,5664
België,Vlaams Gewest,Provincie West-Vlaanderen,Arrondissement Kortrijk,Lendelede,5653
België,Waals Gewest,Provincie Luxemburg,Arrondissement Virton,Etalle,5602
België,Waals Gewest,Provincie Luxemburg,Arrondissement Marche-en-Famenne,Hotton,5600
België,Waals Gewest,Provincie Luik,Arrondissement Borgworm,Remicourt,5583
België,Waals Gewest,Provincie Henegouwen,Arrondissement Doornik,Celles (Doornik),5496
België,Waals Gewest,Provincie Luxemburg,Arrondissement Virton,Florenville,5483
België,Waals Gewest,Provincie Luik,Arrondissement Verviers,Lontzen,5480
België,Waals Gewest,Provincie Luxemburg,Arrondissement Neufchâteau,Bouillon,5467
België,Waals Gewest,Provincie Henegouwen,Arrondissement Doornik,Pecq,5464
België,Waals Gewest,Provincie Luik,Arrondissement Verviers,Thimister-Clermont,5460
België,Waals Gewest,Provincie Luik,Arrondissement Verviers,Amel,5440
België,Waals Gewest,Provincie Luik,Arrondissement Luik,Comblain-au-Pont,5394
België,Waals Gewest,Provincie Luxemburg,Arrondissement Bastenaken,Gouvy,5394
België,Vlaams Gewest,Provincie Vlaams-Brabant,Arrondissement Leuven,Glabbeek,5312
België,Waals Gewest,Provincie Henegouwen,Arrondissement Thuin,Momignies,5274
België,Waals Gewest,Provincie Luik,Arrondissement Hoei,Marchin,5242
België,Vlaams Gewest,Provincie West-Vlaanderen,Arrondissement Tielt,Ruiselede,5214
België,Waals Gewest,Provincie Luxemburg,Arrondissement Marche-en-Famenne,Nassogne,5208
België,Waals Gewest,Provincie Luxemburg,Arrondissement Neufchâteau,Paliseul,5208
België,Waals Gewest,Provincie Luxemburg,Arrondissement Virton,Chiny,5154
België,Waals Gewest,Provincie Henegouwen,Arrondissement Doornik,Rumes,5138
België,Waals Gewest,Provincie Luxemburg,Arrondissement Bastenaken,Vaux-sur-Sûre,5131
België,Waals Gewest,Provincie Luxemburg,Arrondissement Aarlen,Attert,5122
België,Waals Gewest,Provincie Namen,Arrondissement Dinant,Havelange,5057
België,Waals Gewest,Provincie Henegouwen,Arrondissement Bergen,Honnelles,5031
België,Waals Gewest,Provincie Luxemburg,Arrondissement Bastenaken,Houffalize,5029
België,Waals Gewest,Provincie Namen,Arrondissement Dinant,Somme-Leuze,4963
België,Vlaams Gewest,Provincie West-Vlaanderen,Arrondissement Veurne,Alveringem,4958
België,Waals Gewest,Provincie Luik,Arrondissement Hoei,Héron,4949
België,Vlaams Gewest,Provincie Vlaams-Brabant,Arrondissement Halle-Vilvoorde,Drogenbos,4945
België,Waals Gewest,Provincie Henegouwen,Arrondissement Thuin,Sivry-Rance,4884
België,Waals Gewest,Provincie Waals-Brabant,Arrondissement Nijvel,Incourt,4864
België,Waals Gewest,Provincie Luxemburg,Arrondissement Neufchâteau,Libin,4851
België,Waals Gewest,Provincie Namen,Arrondissement Philippeville,Cerfontaine,4833
België,Vlaams Gewest,Provincie Vlaams-Brabant,Arrondissement Halle-Vilvoorde,Linkebeek,4812
België,Waals Gewest,Provincie Luxemburg,Arrondissement Neufchâteau,Léglise,4760
België,Waals Gewest,Provincie Luik,Arrondissement Hoei,Ferrières,4713
België,Waals Gewest,Provincie Namen,Arrondissement Namen,Ohey,4697
België,Waals Gewest,Provincie Namen,Arrondissement Dinant,Houyet,4562
België,Waals Gewest,Provincie Namen,Arrondissement Dinant,Gedinne,4465
België,Vlaams Gewest,Provincie Vlaams-Brabant,Arrondissement Halle-Vilvoorde,Pepingen,4458
België,Waals Gewest,Provincie Luik,Arrondissement Hoei,Clavier,4435
België,Waals Gewest,Provincie Luxemburg,Arrondissement Virton,Musson,4410
België,Waals Gewest,Provincie Luxemburg,Arrondissement Marche-en-Famenne,La Roche-en-Ardenne,4306
België,Waals Gewest,Provincie Henegouwen,Arrondissement Thuin,Merbes-le-Château,4283
België,Waals Gewest,Provincie Luik,Arrondissement Verviers,Baelen,4257
België,Waals Gewest,Provincie Henegouwen,Arrondissement Bergen,Lens,4250
België,Vlaams Gewest,Provincie Limburg,Arrondissement Tongeren,Voeren,4200
België,Waals Gewest,Provincie Luik,Arrondissement Verviers,Aubel,4185
België,Waals Gewest,Provincie Luik,Arrondissement Hoei,Anthisnes,4080
België,Waals Gewest,Provincie Luik,Arrondissement Verviers,Burg-Reuland,3975
België,Waals Gewest,Provincie Luik,Arrondissement Hoei,Modave,3952
België,Waals Gewest,Provincie Luxemburg,Arrondissement Virton,Tintigny,3903
België,Waals Gewest,Provincie Luik,Arrondissement Verviers,Olne,3817
België,Waals Gewest,Provincie Luik,Arrondissement Hoei,Verlaine,3809
België,Waals Gewest,Provincie Luik,Arrondissement Hoei,Hamoir,3806
België,Waals Gewest,Provincie Henegouwen,Arrondissement Thuin,Froidchapelle,3777
België,Waals Gewest,Provincie Luik,Arrondissement Borgworm,Faimes,3776
België,Vlaams Gewest,Provincie West-Vlaanderen,Arrondissement Ieper,Vleteren,3716
België,Waals Gewest,Provincie Luik,Arrondissement Borgworm,Oerle,3570
België,Waals Gewest,Provincie Henegouwen,Arrondissement Doornik,Mont-de-l’Enclus,3528
België,Waals Gewest,Provincie Henegouwen,Arrondissement Aat,Brugelette,3490
België,Waals Gewest,Provincie Luik,Arrondissement Verviers,Lierneux,3486
België,Waals Gewest,Provincie Luxemburg,Arrondissement Marche-en-Famenne,Manhay,3442
België,Waals Gewest,Provincie Henegouwen,Arrondissement Aat,Vloesberg,3410
België,Vlaams Gewest,Provincie West-Vlaanderen,Arrondissement Diksmuide,Lo-Reninge,3320
België,Waals Gewest,Provincie Luxemburg,Arrondissement Virton,Saint-Léger (Virton),3314
België,Waals Gewest,Provincie Waals-Brabant,Arrondissement Nijvel,Hélécine,3213
België,Waals Gewest,Provincie Luik,Arrondissement Borgworm,Lijsem,3210
België,Waals Gewest,Provincie Luik,Arrondissement Verviers,Stoumont,3208
België,Waals Gewest,Provincie Luik,Arrondissement Borgworm,Geer,3197
België,Waals Gewest,Provincie Luik,Arrondissement Borgworm,Fexhe-le-Haut-Clocher,3183
België,Waals Gewest,Provincie Luxemburg,Arrondissement Bastenaken,Bertogne,3176
België,Waals Gewest,Provincie Namen,Arrondissement Dinant,Bièvre,3172
België,Waals Gewest,Provincie Namen,Arrondissement Dinant,Onhaye,3130
België,Waals Gewest,Provincie Luxemburg,Arrondissement Marche-en-Famenne,Erezée,3117
België,Waals Gewest,Provincie Luik,Arrondissement Borgworm,Crisnée,3037
België,Waals Gewest,Provincie Luxemburg,Arrondissement Neufchâteau,Wellin,3000
België,Waals Gewest,Provincie Luik,Arrondissement Hoei,Burdinne,2998
België,Waals Gewest,Provincie Luik,Arrondissement Borgworm,Berloz,2950
België,Waals Gewest,Provincie Luik,Arrondissement Borgworm,Donceel,2934
België,Waals Gewest,Provincie Namen,Arrondissement Philippeville,Doische,2896
België,Waals Gewest,Provincie Namen,Arrondissement Dinant,Vresse-sur-Semois,2853
België,Vlaams Gewest,Provincie West-Vlaanderen,Arrondissement Brugge,Zuienkerke,2767
België,Waals Gewest,Provincie Luxemburg,Arrondissement Virton,Meix-devant-Virton,2738
België,Waals Gewest,Provincie Luik,Arrondissement Hoei,Ouffet,2721
België,Waals Gewest,Provincie Luik,Arrondissement Borgworm,Wasseiges,2713
België,Waals Gewest,Provincie Luxemburg,Arrondissement Marche-en-Famenne,Tenneville,2691
België,Waals Gewest,Provincie Luxemburg,Arrondissement Marche-en-Famenne,Rendeux,2688
België,Vlaams Gewest,Provincie Antwerpen,Arrondissement Turnhout,Baarle-Hertog,2603
België,Waals Gewest,Provincie Luik,Arrondissement Hoei,Tinlot,2587
België,Waals Gewest,Provincie Luik,Arrondissement Verviers,Trois-Ponts,2511
België,Waals Gewest,Provincie Luxemburg,Arrondissement Neufchâteau,Tellin,2500
België,Waals Gewest,Provincie Luxemburg,Arrondissement Bastenaken,Sainte-Ode,2442
België,Waals Gewest,Provincie Luxemburg,Arrondissement Bastenaken,Fauvillers,2236
België,Vlaams Gewest,Provincie Vlaams-Brabant,Arrondissement Halle-Vilvoorde,Bever,2155
België,Vlaams Gewest,Provincie West-Vlaanderen,Arrondissement Kortrijk,Spiere-Helkijn,2126
België,Vlaams Gewest,Provincie Oost-Vlaanderen,Arrondissement Oudenaarde,Horebeke,2081
België,Waals Gewest,Provincie Luxemburg,Arrondissement Virton,Rouvroy,2079
België,Waals Gewest,Provincie Luxemburg,Arrondissement Aarlen,Martelange,1731
België,Waals Gewest,Provincie Luxemburg,Arrondissement Neufchâteau,Herbeumont,1557
België,Waals Gewest,Provincie Luxemburg,Arrondissement Neufchâteau,Daverdisse,1405
België,Vlaams Gewest,Provincie West-Vlaanderen,Arrondissement Ieper,Mesen,945
België,Vlaams Gewest,Provincie Limburg,Arrondissement Tongeren,Herstappe,85
België,,,,,11000638
