België,Gewest,Provincie,Arrondissement,Gemeente,Aandeel loontrekkenden
België,Waals Gewest,Provincie Waals-Brabant,Arrondissement Nijvel,Lasne,0.592
België,Vlaams Gewest,Provincie Oost-Vlaanderen,Arrondissement Gent,Sint-Martens-Latem,0.619
België,Vlaams Gewest,Provincie West-Vlaanderen,Arrondissement Diksmuide,Lo-Reninge,0.672
België,Vlaams Gewest,Provincie Antwerpen,Arrondissement Antwerpen,Schilde,0.676
België,Vlaams Gewest,Provincie West-Vlaanderen,Arrondissement Brugge,Knokke-Heist,0.677
België,Vlaams Gewest,Provincie Vlaams-Brabant,Arrondissement Halle-Vilvoorde,Sint-Genesius-Rode,0.704
België,Vlaams Gewest,Provincie West-Vlaanderen,Arrondissement Veurne,Alveringem,0.707
België,Vlaams Gewest,Provincie West-Vlaanderen,Arrondissement Ieper,Heuvelland,0.715
België,Vlaams Gewest,Provincie West-Vlaanderen,Arrondissement Brugge,Zuienkerke,0.716
België,Brussels Hoofdstedelijk Gewest,,Arrondissement Brussel-Hoofdstad,Ukkel,0.721
België,Vlaams Gewest,Provincie West-Vlaanderen,Arrondissement Veurne,Koksijde,0.727
België,Waals Gewest,Provincie Waals-Brabant,Arrondissement Nijvel,Waterloo,0.732
België,Vlaams Gewest,Provincie West-Vlaanderen,Arrondissement Tielt,Pittem,0.733
België,Waals Gewest,Provincie Waals-Brabant,Arrondissement Nijvel,Chaumont-Gistoux,0.734
België,Vlaams Gewest,Provincie West-Vlaanderen,Arrondissement Brugge,Damme,0.736
België,Waals Gewest,Provincie Waals-Brabant,Arrondissement Nijvel,Terhulpen,0.741
België,Vlaams Gewest,Provincie Vlaams-Brabant,Arrondissement Halle-Vilvoorde,Linkebeek,0.741
België,Waals Gewest,Provincie Luxemburg,Arrondissement Marche-en-Famenne,La Roche-en-Ardenne,0.743
België,Vlaams Gewest,Provincie Limburg,Arrondissement Tongeren,Herstappe,0.744
België,Vlaams Gewest,Provincie Oost-Vlaanderen,Arrondissement Oudenaarde,Kruishoutem,0.745
België,Vlaams Gewest,Provincie West-Vlaanderen,Arrondissement Ieper,Vleteren,0.745
België,Vlaams Gewest,Provincie Oost-Vlaanderen,Arrondissement Dendermonde,Waasmunster,0.748
België,Vlaams Gewest,Provincie West-Vlaanderen,Arrondissement Tielt,Ruiselede,0.75
België,Waals Gewest,Provincie Namen,Arrondissement Dinant,Vresse-sur-Semois,0.75
België,Vlaams Gewest,Provincie West-Vlaanderen,Arrondissement Oostende,De Haan,0.756
België,Waals Gewest,Provincie Luxemburg,Arrondissement Neufchâteau,Bouillon,0.757
België,Vlaams Gewest,Provincie West-Vlaanderen,Arrondissement Tielt,Wingene,0.757
België,Vlaams Gewest,Provincie Oost-Vlaanderen,Arrondissement Oudenaarde,Maarkedal,0.759
België,Vlaams Gewest,Provincie West-Vlaanderen,Arrondissement Tielt,Ardooie,0.762
België,Vlaams Gewest,Provincie Vlaams-Brabant,Arrondissement Leuven,Keerbergen,0.762
België,Waals Gewest,Provincie Waals-Brabant,Arrondissement Nijvel,Graven,0.763
België,Vlaams Gewest,Provincie West-Vlaanderen,Arrondissement Roeselare,Staden,0.763
België,Waals Gewest,Provincie Luxemburg,Arrondissement Marche-en-Famenne,Rendeux,0.763
België,Vlaams Gewest,Provincie West-Vlaanderen,Arrondissement Veurne,Nieuwpoort,0.763
België,Vlaams Gewest,Provincie West-Vlaanderen,Arrondissement Diksmuide,Diksmuide,0.767
België,Vlaams Gewest,Provincie Oost-Vlaanderen,Arrondissement Eeklo,Kaprijke,0.768
België,Vlaams Gewest,Provincie Oost-Vlaanderen,Arrondissement Eeklo,Sint-Laureins,0.769
België,Waals Gewest,Provincie Waals-Brabant,Arrondissement Nijvel,Rixensart,0.769
België,Vlaams Gewest,Provincie Oost-Vlaanderen,Arrondissement Oudenaarde,Wortegem-Petegem,0.77
België,Vlaams Gewest,Provincie Vlaams-Brabant,Arrondissement Halle-Vilvoorde,Kraainem,0.77
België,Waals Gewest,Provincie Luxemburg,Arrondissement Bastenaken,Sainte-Ode,0.773
België,Waals Gewest,Provincie Waals-Brabant,Arrondissement Nijvel,Itter,0.774
België,Vlaams Gewest,Provincie West-Vlaanderen,Arrondissement Oostende,Middelkerke,0.776
België,Waals Gewest,Provincie Waals-Brabant,Arrondissement Nijvel,Genepiën,0.777
België,Vlaams Gewest,Provincie Antwerpen,Arrondissement Turnhout,Hoogstraten,0.777
België,Waals Gewest,Provincie Waals-Brabant,Arrondissement Nijvel,Incourt,0.778
België,Vlaams Gewest,Provincie West-Vlaanderen,Arrondissement Ieper,Langemark-Poelkapelle,0.779
België,Waals Gewest,Provincie Namen,Arrondissement Dinant,Bièvre,0.78
België,Vlaams Gewest,Provincie West-Vlaanderen,Arrondissement Tielt,Meulebeke,0.78
België,Vlaams Gewest,Provincie West-Vlaanderen,Arrondissement Ieper,Zonnebeke,0.781
België,Vlaams Gewest,Provincie Vlaams-Brabant,Arrondissement Halle-Vilvoorde,Wemmel,0.782
België,Brussels Hoofdstedelijk Gewest,,Arrondissement Brussel-Hoofdstad,Sint-Pieters-Woluwe,0.782
België,Vlaams Gewest,Provincie Oost-Vlaanderen,Arrondissement Oudenaarde,Horebeke,0.783
België,Vlaams Gewest,Provincie West-Vlaanderen,Arrondissement Roeselare,Ledegem,0.783
België,Vlaams Gewest,Provincie West-Vlaanderen,Arrondissement Brugge,Jabbeke,0.784
België,Waals Gewest,Provincie Luik,Arrondissement Verviers,Weismes,0.784
België,Vlaams Gewest,Provincie West-Vlaanderen,Arrondissement Veurne,De Panne,0.784
België,Waals Gewest,Provincie Luxemburg,Arrondissement Bastenaken,Houffalize,0.785
België,Vlaams Gewest,Provincie Vlaams-Brabant,Arrondissement Halle-Vilvoorde,Overijse,0.785
België,Vlaams Gewest,Provincie Vlaams-Brabant,Arrondissement Halle-Vilvoorde,Pepingen,0.785
België,Vlaams Gewest,Provincie West-Vlaanderen,Arrondissement Veurne,Veurne,0.786
België,Waals Gewest,Provincie Luxemburg,Arrondissement Neufchâteau,Daverdisse,0.786
België,Vlaams Gewest,Provincie West-Vlaanderen,Arrondissement Diksmuide,Kortemark,0.786
België,Waals Gewest,Provincie Luik,Arrondissement Verviers,Trois-Ponts,0.786
België,Waals Gewest,Provincie Waals-Brabant,Arrondissement Nijvel,Bevekom,0.786
België,Waals Gewest,Provincie Luik,Arrondissement Verviers,Jalhay,0.787
België,Waals Gewest,Provincie Luik,Arrondissement Verviers,Büllingen,0.787
België,Waals Gewest,Provincie Luik,Arrondissement Verviers,Aubel,0.788
België,Waals Gewest,Provincie Luik,Arrondissement Hoei,Nandrin,0.788
België,Vlaams Gewest,Provincie West-Vlaanderen,Arrondissement Tielt,Tielt (Tielt),0.788
België,Waals Gewest,Provincie Luik,Arrondissement Verviers,Burg-Reuland,0.788
België,Waals Gewest,Provincie Henegouwen,Arrondissement Thuin,Froidchapelle,0.79
België,Vlaams Gewest,Provincie West-Vlaanderen,Arrondissement Roeselare,Hooglede,0.79
België,Vlaams Gewest,Provincie Oost-Vlaanderen,Arrondissement Gent,Knesselare,0.79
België,Waals Gewest,Provincie Luik,Arrondissement Luik,Chaudfontaine,0.791
België,Waals Gewest,Provincie Luik,Arrondissement Verviers,Stoumont,0.791
België,Vlaams Gewest,Provincie Limburg,Arrondissement Tongeren,Voeren,0.791
België,Vlaams Gewest,Provincie West-Vlaanderen,Arrondissement Tielt,Dentergem,0.791
België,Vlaams Gewest,Provincie Antwerpen,Arrondissement Antwerpen,Hove (Antwerpen),0.792
België,Vlaams Gewest,Provincie Vlaams-Brabant,Arrondissement Halle-Vilvoorde,Wezembeek-Oppem,0.792
België,Waals Gewest,Provincie Waals-Brabant,Arrondissement Nijvel,Kasteelbrakel,0.792
België,Brussels Hoofdstedelijk Gewest,,Arrondissement Brussel-Hoofdstad,Elsene,0.793
België,Waals Gewest,Provincie Luik,Arrondissement Luik,Neupré,0.794
België,Vlaams Gewest,Provincie Oost-Vlaanderen,Arrondissement Gent,Zomergem,0.794
België,Vlaams Gewest,Provincie West-Vlaanderen,Arrondissement Roeselare,Moorslede,0.795
België,Vlaams Gewest,Provincie Oost-Vlaanderen,Arrondissement Gent,Nevele,0.795
België,Vlaams Gewest,Provincie Antwerpen,Arrondissement Antwerpen,Kalmthout,0.795
België,Vlaams Gewest,Provincie Antwerpen,Arrondissement Turnhout,Ravels,0.795
België,Vlaams Gewest,Provincie Antwerpen,Arrondissement Antwerpen,Zoersel,0.796
België,Vlaams Gewest,Provincie Vlaams-Brabant,Arrondissement Halle-Vilvoorde,Bever,0.796
België,Vlaams Gewest,Provincie West-Vlaanderen,Arrondissement Diksmuide,Koekelare,0.796
België,Vlaams Gewest,Provincie West-Vlaanderen,Arrondissement Kortrijk,Lendelede,0.796
België,Brussels Hoofdstedelijk Gewest,,Arrondissement Brussel-Hoofdstad,Watermaal-Bosvoorde,0.797
België,Vlaams Gewest,Provincie West-Vlaanderen,Arrondissement Ieper,Poperinge,0.797
België,Vlaams Gewest,Provincie Oost-Vlaanderen,Arrondissement Eeklo,Maldegem,0.798
België,Waals Gewest,Provincie Namen,Arrondissement Dinant,Havelange,0.798
België,Waals Gewest,Provincie Luxemburg,Arrondissement Neufchâteau,Paliseul,0.799
België,Brussels Hoofdstedelijk Gewest,,Arrondissement Brussel-Hoofdstad,Vorst (Brussel-Hoofdstad),0.8
België,Waals Gewest,Provincie Luik,Arrondissement Verviers,Lierneux,0.8
België,Waals Gewest,Provincie Luxemburg,Arrondissement Bastenaken,Vaux-sur-Sûre,0.8
België,Waals Gewest,Provincie Luxemburg,Arrondissement Marche-en-Famenne,Durbuy,0.801
België,Waals Gewest,Provincie Luxemburg,Arrondissement Marche-en-Famenne,Erezée,0.801
België,Waals Gewest,Provincie Namen,Arrondissement Dinant,Houyet,0.801
België,Vlaams Gewest,Provincie Antwerpen,Arrondissement Antwerpen,Brasschaat,0.801
België,Waals Gewest,Provincie Luxemburg,Arrondissement Virton,Florenville,0.802
België,Vlaams Gewest,Provincie Antwerpen,Arrondissement Antwerpen,Zandhoven,0.802
België,Vlaams Gewest,Provincie Antwerpen,Arrondissement Antwerpen,Wuustwezel,0.802
België,Vlaams Gewest,Provincie Antwerpen,Arrondissement Turnhout,Baarle-Hertog,0.802
België,Waals Gewest,Provincie Waals-Brabant,Arrondissement Nijvel,Walhain,0.802
België,Waals Gewest,Provincie Luik,Arrondissement Verviers,Sankt Vith,0.803
België,Vlaams Gewest,Provincie West-Vlaanderen,Arrondissement Brugge,Oostkamp,0.803
België,Brussels Hoofdstedelijk Gewest,,Arrondissement Brussel-Hoofdstad,Sint-Joost-ten-Node,0.803
België,Waals Gewest,Provincie Namen,Arrondissement Dinant,Gedinne,0.803
België,Vlaams Gewest,Provincie West-Vlaanderen,Arrondissement Tielt,Oostrozebeke,0.803
België,Vlaams Gewest,Provincie West-Vlaanderen,Arrondissement Kortrijk,Anzegem,0.804
België,Waals Gewest,Provincie Luik,Arrondissement Verviers,Amel,0.804
België,Waals Gewest,Provincie Waals-Brabant,Arrondissement Nijvel,Ramillies,0.804
België,Waals Gewest,Provincie Henegouwen,Arrondissement Doornik,Celles (Doornik),0.805
België,Waals Gewest,Provincie Luik,Arrondissement Verviers,Olne,0.805
België,Vlaams Gewest,Provincie West-Vlaanderen,Arrondissement Diksmuide,Houthulst,0.806
België,Waals Gewest,Provincie Luxemburg,Arrondissement Bastenaken,Gouvy,0.806
België,Waals Gewest,Provincie Luik,Arrondissement Hoei,Ferrières,0.806
België,Vlaams Gewest,Provincie Vlaams-Brabant,Arrondissement Halle-Vilvoorde,Hoeilaart,0.806
België,Vlaams Gewest,Provincie Vlaams-Brabant,Arrondissement Halle-Vilvoorde,Beersel,0.806
België,Vlaams Gewest,Provincie Oost-Vlaanderen,Arrondissement Gent,Destelbergen,0.806
België,Waals Gewest,Provincie Luik,Arrondissement Verviers,Thimister-Clermont,0.806
België,Vlaams Gewest,Provincie Vlaams-Brabant,Arrondissement Halle-Vilvoorde,Lennik,0.807
België,Waals Gewest,Provincie Henegouwen,Arrondissement Aat,Elzele,0.807
België,Vlaams Gewest,Provincie Oost-Vlaanderen,Arrondissement Gent,Aalter,0.807
België,Waals Gewest,Provincie Henegouwen,Arrondissement Aat,Frasnes-lez-Anvaing,0.808
België,Waals Gewest,Provincie Luxemburg,Arrondissement Bastenaken,Bertogne,0.808
België,Vlaams Gewest,Provincie Antwerpen,Arrondissement Antwerpen,Kapellen (Antwerpen),0.809
België,Waals Gewest,Provincie Luxemburg,Arrondissement Marche-en-Famenne,Manhay,0.809
België,Waals Gewest,Provincie Luik,Arrondissement Luik,Esneux,0.809
België,Vlaams Gewest,Provincie Vlaams-Brabant,Arrondissement Halle-Vilvoorde,Meise,0.81
België,Waals Gewest,Provincie Luik,Arrondissement Luik,Sprimont,0.81
België,Brussels Hoofdstedelijk Gewest,,Arrondissement Brussel-Hoofdstad,Sint-Gillis,0.811
België,Vlaams Gewest,Provincie West-Vlaanderen,Arrondissement Roeselare,Lichtervelde,0.811
België,Vlaams Gewest,Provincie West-Vlaanderen,Arrondissement Tielt,Wielsbeke,0.811
België,Waals Gewest,Provincie Waals-Brabant,Arrondissement Nijvel,Geldenaken,0.811
België,Waals Gewest,Provincie Namen,Arrondissement Namen,Assesse,0.811
België,Waals Gewest,Provincie Luik,Arrondissement Hoei,Clavier,0.812
België,Waals Gewest,Provincie Luik,Arrondissement Hoei,Ouffet,0.812
België,Vlaams Gewest,Provincie Oost-Vlaanderen,Arrondissement Gent,Lochristi,0.812
België,Waals Gewest,Provincie Waals-Brabant,Arrondissement Nijvel,Villers-la-Ville,0.812
België,Vlaams Gewest,Provincie West-Vlaanderen,Arrondissement Roeselare,Ingelmunster,0.812
België,Waals Gewest,Provincie Waals-Brabant,Arrondissement Nijvel,Waver,0.812
België,Vlaams Gewest,Provincie West-Vlaanderen,Arrondissement Kortrijk,Kortrijk,0.813
België,Waals Gewest,Provincie Namen,Arrondissement Dinant,Somme-Leuze,0.813
België,Vlaams Gewest,Provincie West-Vlaanderen,Arrondissement Brugge,Zedelgem,0.813
België,Vlaams Gewest,Provincie West-Vlaanderen,Arrondissement Brugge,Beernem,0.814
België,Waals Gewest,Provincie Luik,Arrondissement Luik,Dalhem,0.814
België,Vlaams Gewest,Provincie Oost-Vlaanderen,Arrondissement Gent,Nazareth,0.815
België,Waals Gewest,Provincie Namen,Arrondissement Dinant,Beauraing,0.815
België,Vlaams Gewest,Provincie Vlaams-Brabant,Arrondissement Halle-Vilvoorde,Herne,0.815
België,Vlaams Gewest,Provincie Limburg,Arrondissement Tongeren,Borgloon,0.815
België,Waals Gewest,Provincie Henegouwen,Arrondissement Thuin,Beaumont,0.815
België,Waals Gewest,Provincie Henegouwen,Arrondissement Charleroi,Gerpinnes,0.815
België,Vlaams Gewest,Provincie West-Vlaanderen,Arrondissement Kortrijk,Spiere-Helkijn,0.816
België,Waals Gewest,Provincie Henegouwen,Arrondissement Doornik,Pecq,0.816
België,Vlaams Gewest,Provincie West-Vlaanderen,Arrondissement Oostende,Ichtegem,0.816
België,Vlaams Gewest,Provincie Antwerpen,Arrondissement Mechelen,Bonheiden,0.816
België,Waals Gewest,Provincie Namen,Arrondissement Dinant,Onhaye,0.816
België,Vlaams Gewest,Provincie Antwerpen,Arrondissement Antwerpen,Ranst,0.817
België,Vlaams Gewest,Provincie Vlaams-Brabant,Arrondissement Leuven,Tervuren,0.817
België,Vlaams Gewest,Provincie West-Vlaanderen,Arrondissement Brugge,Blankenberge,0.817
België,Vlaams Gewest,Provincie Oost-Vlaanderen,Arrondissement Gent,Lovendegem,0.817
België,Vlaams Gewest,Provincie West-Vlaanderen,Arrondissement Ieper,Ieper,0.818
België,Waals Gewest,Provincie Henegouwen,Arrondissement Thuin,Ham-sur-Heure-Nalinnes,0.818
België,Vlaams Gewest,Provincie Oost-Vlaanderen,Arrondissement Gent,De Pinte,0.818
België,Vlaams Gewest,Provincie Vlaams-Brabant,Arrondissement Leuven,Glabbeek,0.818
België,Waals Gewest,Provincie Luik,Arrondissement Verviers,Raeren,0.818
België,Waals Gewest,Provincie Luik,Arrondissement Borgworm,Donceel,0.818
België,Waals Gewest,Provincie Luik,Arrondissement Hoei,Tinlot,0.818
België,Vlaams Gewest,Provincie West-Vlaanderen,Arrondissement Kortrijk,Deerlijk,0.819
België,Vlaams Gewest,Provincie Antwerpen,Arrondissement Antwerpen,Boechout,0.819
België,Waals Gewest,Provincie Henegouwen,Arrondissement Doornik,Mont-de-l’Enclus,0.819
België,Vlaams Gewest,Provincie Oost-Vlaanderen,Arrondissement Dendermonde,Laarne,0.819
België,Waals Gewest,Provincie Namen,Arrondissement Namen,Ohey,0.819
België,Waals Gewest,Provincie Luxemburg,Arrondissement Neufchâteau,Libin,0.82
België,Waals Gewest,Provincie Henegouwen,Arrondissement Thuin,Chimay,0.82
België,Vlaams Gewest,Provincie Antwerpen,Arrondissement Turnhout,Merksplas,0.82
België,Brussels Hoofdstedelijk Gewest,,Arrondissement Brussel-Hoofdstad,Brussel,0.82
België,Vlaams Gewest,Provincie Oost-Vlaanderen,Arrondissement Gent,Deinze,0.821
België,Waals Gewest,Provincie Luxemburg,Arrondissement Marche-en-Famenne,Tenneville,0.821
België,Vlaams Gewest,Provincie Antwerpen,Arrondissement Antwerpen,Brecht,0.821
België,Vlaams Gewest,Provincie West-Vlaanderen,Arrondissement Oostende,Oudenburg,0.821
België,Vlaams Gewest,Provincie Oost-Vlaanderen,Arrondissement Eeklo,Assenede,0.821
België,Waals Gewest,Provincie Waals-Brabant,Arrondissement Nijvel,Perwijs (Nijvel),0.821
België,Waals Gewest,Provincie Henegouwen,Arrondissement Thuin,Momignies,0.821
België,Waals Gewest,Provincie Luxemburg,Arrondissement Neufchâteau,Léglise,0.822
België,Vlaams Gewest,Provincie Limburg,Arrondissement Tongeren,Riemst,0.822
België,Brussels Hoofdstedelijk Gewest,,Arrondissement Brussel-Hoofdstad,Schaarbeek,0.822
België,Waals Gewest,Provincie Namen,Arrondissement Namen,Gesves,0.823
België,Vlaams Gewest,Provincie West-Vlaanderen,Arrondissement Oostende,Gistel,0.823
België,Vlaams Gewest,Provincie Antwerpen,Arrondissement Antwerpen,Schoten,0.823
België,Waals Gewest,Provincie Luik,Arrondissement Hoei,Verlaine,0.824
België,Waals Gewest,Provincie Waals-Brabant,Arrondissement Nijvel,Eigenbrakel,0.824
België,Waals Gewest,Provincie Henegouwen,Arrondissement Aat,Vloesberg,0.824
België,Brussels Hoofdstedelijk Gewest,,Arrondissement Brussel-Hoofdstad,Oudergem,0.824
België,Waals Gewest,Provincie Waals-Brabant,Arrondissement Nijvel,Court-Saint-Etienne,0.824
België,Waals Gewest,Provincie Luxemburg,Arrondissement Neufchâteau,Herbeumont,0.824
België,Vlaams Gewest,Provincie West-Vlaanderen,Arrondissement Kortrijk,Waregem,0.825
België,Vlaams Gewest,Provincie Vlaams-Brabant,Arrondissement Leuven,Huldenberg,0.825
België,Waals Gewest,Provincie Luik,Arrondissement Verviers,Lontzen,0.825
België,Vlaams Gewest,Provincie Antwerpen,Arrondissement Antwerpen,Malle,0.825
België,Vlaams Gewest,Provincie Limburg,Arrondissement Tongeren,Heers,0.825
België,Waals Gewest,Provincie Henegouwen,Arrondissement Charleroi,Seneffe,0.826
België,Vlaams Gewest,Provincie Antwerpen,Arrondissement Turnhout,Kasterlee,0.826
België,Waals Gewest,Provincie Luik,Arrondissement Verviers,Bütgenbach,0.826
België,Waals Gewest,Provincie Luxemburg,Arrondissement Neufchâteau,Wellin,0.826
België,Vlaams Gewest,Provincie Limburg,Arrondissement Maaseik,Hamont-Achel,0.826
België,Waals Gewest,Provincie Luik,Arrondissement Verviers,Theux,0.827
België,Vlaams Gewest,Provincie Vlaams-Brabant,Arrondissement Halle-Vilvoorde,Gooik,0.827
België,Waals Gewest,Provincie Namen,Arrondissement Namen,Profondeville,0.827
België,Waals Gewest,Provincie Henegouwen,Arrondissement Zinnik,Opzullik,0.827
België,Waals Gewest,Provincie Namen,Arrondissement Philippeville,Couvin,0.827
België,Waals Gewest,Provincie Luxemburg,Arrondissement Bastenaken,Fauvillers,0.828
België,Vlaams Gewest,Provincie Vlaams-Brabant,Arrondissement Leuven,Oud-Heverlee,0.828
België,Vlaams Gewest,Provincie Oost-Vlaanderen,Arrondissement Oudenaarde,Kluisbergen,0.828
België,Vlaams Gewest,Provincie Vlaams-Brabant,Arrondissement Leuven,Lubbeek,0.828
België,Waals Gewest,Provincie Waals-Brabant,Arrondissement Nijvel,Chastre,0.828
België,Vlaams Gewest,Provincie Vlaams-Brabant,Arrondissement Leuven,Kortenaken,0.828
België,Vlaams Gewest,Provincie Antwerpen,Arrondissement Turnhout,Oud-Turnhout,0.828
België,Waals Gewest,Provincie Luik,Arrondissement Verviers,Herve,0.828
België,Vlaams Gewest,Provincie Limburg,Arrondissement Maaseik,Bree,0.829
België,Vlaams Gewest,Provincie Antwerpen,Arrondissement Antwerpen,Essen,0.829
België,Brussels Hoofdstedelijk Gewest,,Arrondissement Brussel-Hoofdstad,Sint-Lambrechts-Woluwe,0.829
België,Waals Gewest,Provincie Namen,Arrondissement Philippeville,Doische,0.829
België,Vlaams Gewest,Provincie West-Vlaanderen,Arrondissement Kortrijk,Zwevegem,0.83
België,Vlaams Gewest,Provincie Vlaams-Brabant,Arrondissement Halle-Vilvoorde,Dilbeek,0.83
België,Waals Gewest,Provincie Luik,Arrondissement Verviers,Stavelot,0.83
België,Waals Gewest,Provincie Luxemburg,Arrondissement Marche-en-Famenne,Hotton,0.83
België,Vlaams Gewest,Provincie West-Vlaanderen,Arrondissement Brugge,Torhout,0.83
België,Waals Gewest,Provincie Namen,Arrondissement Philippeville,Philippeville,0.831
België,Vlaams Gewest,Provincie Oost-Vlaanderen,Arrondissement Dendermonde,Berlare,0.831
België,Vlaams Gewest,Provincie Oost-Vlaanderen,Arrondissement Gent,Zulte,0.831
België,Vlaams Gewest,Provincie Oost-Vlaanderen,Arrondissement Oudenaarde,Zingem,0.831
België,Vlaams Gewest,Provincie West-Vlaanderen,Arrondissement Roeselare,Izegem,0.832
België,Waals Gewest,Provincie Namen,Arrondissement Namen,Fernelmont,0.832
België,Vlaams Gewest,Provincie Antwerpen,Arrondissement Turnhout,Retie,0.832
België,Waals Gewest,Provincie Luxemburg,Arrondissement Neufchâteau,Libramont-Chevigny,0.832
België,Waals Gewest,Provincie Henegouwen,Arrondissement Bergen,Lens,0.832
België,Waals Gewest,Provincie Luik,Arrondissement Verviers,Malmedy,0.832
België,Vlaams Gewest,Provincie Oost-Vlaanderen,Arrondissement Gent,Oosterzele,0.832
België,Waals Gewest,Provincie Henegouwen,Arrondissement Thuin,Sivry-Rance,0.832
België,Waals Gewest,Provincie Luxemburg,Arrondissement Bastenaken,Bastenaken,0.832
België,Vlaams Gewest,Provincie Vlaams-Brabant,Arrondissement Halle-Vilvoorde,Merchtem,0.833
België,Vlaams Gewest,Provincie Antwerpen,Arrondissement Turnhout,Grobbendonk,0.833
België,Vlaams Gewest,Provincie Oost-Vlaanderen,Arrondissement Oudenaarde,Zwalm,0.833
België,Vlaams Gewest,Provincie Limburg,Arrondissement Tongeren,Lanaken,0.833
België,Vlaams Gewest,Provincie Vlaams-Brabant,Arrondissement Leuven,Zoutleeuw,0.833
België,Brussels Hoofdstedelijk Gewest,,Arrondissement Brussel-Hoofdstad,Etterbeek,0.833
België,Waals Gewest,Provincie Henegouwen,Arrondissement Bergen,Honnelles,0.833
België,Vlaams Gewest,Provincie Limburg,Arrondissement Tongeren,Alken,0.834
België,Waals Gewest,Provincie Luik,Arrondissement Hoei,Modave,0.834
België,Vlaams Gewest,Provincie Antwerpen,Arrondissement Turnhout,Rijkevorsel,0.834
België,Vlaams Gewest,Provincie Vlaams-Brabant,Arrondissement Leuven,Geetbets,0.835
België,Vlaams Gewest,Provincie Limburg,Arrondissement Hasselt,Nieuwerkerken (Hasselt),0.835
België,Vlaams Gewest,Provincie West-Vlaanderen,Arrondissement Roeselare,Roeselare,0.835
België,Waals Gewest,Provincie Luxemburg,Arrondissement Neufchâteau,Saint-Hubert,0.835
België,Brussels Hoofdstedelijk Gewest,,Arrondissement Brussel-Hoofdstad,Koekelberg,0.836
België,Waals Gewest,Provincie Henegouwen,Arrondissement Charleroi,Les Bons Villers,0.836
België,Vlaams Gewest,Provincie Oost-Vlaanderen,Arrondissement Sint-Niklaas,Sint-Gillis-Waas,0.836
België,Vlaams Gewest,Provincie Limburg,Arrondissement Maaseik,Maaseik,0.836
België,Vlaams Gewest,Provincie Limburg,Arrondissement Maaseik,Kinrooi,0.836
België,Waals Gewest,Provincie Namen,Arrondissement Dinant,Rochefort,0.836
België,Brussels Hoofdstedelijk Gewest,,Arrondissement Brussel-Hoofdstad,Anderlecht,0.837
België,Vlaams Gewest,Provincie Antwerpen,Arrondissement Antwerpen,Edegem,0.837
België,Vlaams Gewest,Provincie Limburg,Arrondissement Maaseik,Meeuwen-Gruitrode,0.839
België,Waals Gewest,Provincie Henegouwen,Arrondissement Doornik,Brunehaut,0.839
België,Waals Gewest,Provincie Luik,Arrondissement Luik,Aywaille,0.839
België,Vlaams Gewest,Provincie Antwerpen,Arrondissement Antwerpen,Aartselaar,0.839
België,Waals Gewest,Provincie Luik,Arrondissement Hoei,Anthisnes,0.839
België,Vlaams Gewest,Provincie Limburg,Arrondissement Hasselt,Halen,0.84
België,Waals Gewest,Provincie Namen,Arrondissement Dinant,Hamois,0.841
België,Vlaams Gewest,Provincie Limburg,Arrondissement Hasselt,Hasselt,0.841
België,Vlaams Gewest,Provincie Limburg,Arrondissement Hasselt,Zonhoven,0.841
België,Waals Gewest,Provincie Luik,Arrondissement Borgworm,Hannuit,0.841
België,Vlaams Gewest,Provincie Limburg,Arrondissement Maaseik,Bocholt,0.841
België,Waals Gewest,Provincie Henegouwen,Arrondissement Charleroi,Montigny-le-Tilleul,0.841
België,Waals Gewest,Provincie Luik,Arrondissement Hoei,Hamoir,0.841
België,Waals Gewest,Provincie Namen,Arrondissement Namen,Sombreffe,0.841
België,Vlaams Gewest,Provincie West-Vlaanderen,Arrondissement Kortrijk,Kuurne,0.842
België,Vlaams Gewest,Provincie Oost-Vlaanderen,Arrondissement Gent,Moerbeke (Gent),0.842
België,Vlaams Gewest,Provincie Limburg,Arrondissement Tongeren,Hoeselt,0.842
België,Waals Gewest,Provincie Henegouwen,Arrondissement Thuin,Estinnes,0.842
België,Waals Gewest,Provincie Luxemburg,Arrondissement Neufchâteau,Neufchâteau (Neufchâteau),0.842
België,Vlaams Gewest,Provincie Antwerpen,Arrondissement Antwerpen,Wijnegem,0.842
België,Vlaams Gewest,Provincie Limburg,Arrondissement Maaseik,Neerpelt,0.842
België,Waals Gewest,Provincie Henegouwen,Arrondissement Moeskroen,Komen-Waasten,0.842
België,Waals Gewest,Provincie Henegouwen,Arrondissement Zinnik,Le Roeulx,0.842
België,Vlaams Gewest,Provincie Vlaams-Brabant,Arrondissement Leuven,Tielt-Winge,0.842
België,Waals Gewest,Provincie Luik,Arrondissement Borgworm,Wasseiges,0.843
België,Waals Gewest,Provincie Luik,Arrondissement Borgworm,Crisnée,0.843
België,Waals Gewest,Provincie Namen,Arrondissement Namen,Fosses-la-Ville,0.843
België,Waals Gewest,Provincie Luik,Arrondissement Verviers,Limburg,0.843
België,Vlaams Gewest,Provincie Antwerpen,Arrondissement Antwerpen,Wommelgem,0.843
België,Vlaams Gewest,Provincie Limburg,Arrondissement Hasselt,Sint-Truiden,0.843
België,Waals Gewest,Provincie Namen,Arrondissement Namen,La Bruyère,0.843
België,Waals Gewest,Provincie Namen,Arrondissement Namen,Mettet,0.843
België,Waals Gewest,Provincie Henegouwen,Arrondissement Thuin,Thuin,0.843
België,Vlaams Gewest,Provincie Antwerpen,Arrondissement Mechelen,Putte,0.843
België,Waals Gewest,Provincie Luxemburg,Arrondissement Neufchâteau,Bertrix,0.844
België,Vlaams Gewest,Provincie Antwerpen,Arrondissement Mechelen,Sint-Katelijne-Waver,0.844
België,Vlaams Gewest,Provincie Vlaams-Brabant,Arrondissement Halle-Vilvoorde,Asse,0.844
België,Vlaams Gewest,Provincie Vlaams-Brabant,Arrondissement Leuven,Bekkevoort,0.844
België,Vlaams Gewest,Provincie West-Vlaanderen,Arrondissement Brugge,Brugge,0.844
België,Vlaams Gewest,Provincie Oost-Vlaanderen,Arrondissement Gent,Gavere,0.844
België,Vlaams Gewest,Provincie Limburg,Arrondissement Hasselt,Herk-de-Stad,0.844
België,Waals Gewest,Provincie Waals-Brabant,Arrondissement Nijvel,Orp-Jauche,0.844
België,Waals Gewest,Provincie Henegouwen,Arrondissement Bergen,Jurbeke,0.844
België,Vlaams Gewest,Provincie Limburg,Arrondissement Hasselt,Zutendaal,0.844
België,Vlaams Gewest,Provincie Vlaams-Brabant,Arrondissement Leuven,Linter,0.844
België,Waals Gewest,Provincie Luxemburg,Arrondissement Marche-en-Famenne,Nassogne,0.845
België,Waals Gewest,Provincie Luik,Arrondissement Hoei,Burdinne,0.845
België,Vlaams Gewest,Provincie Oost-Vlaanderen,Arrondissement Sint-Niklaas,Stekene,0.845
België,Vlaams Gewest,Provincie Vlaams-Brabant,Arrondissement Leuven,Holsbeek,0.845
België,Vlaams Gewest,Provincie Limburg,Arrondissement Tongeren,Bilzen,0.845
België,Brussels Hoofdstedelijk Gewest,,Arrondissement Brussel-Hoofdstad,Sint-Agatha-Berchem,0.845
België,Waals Gewest,Provincie Luik,Arrondissement Verviers,Plombières,0.846
België,Waals Gewest,Provincie Namen,Arrondissement Dinant,Dinant,0.846
België,Vlaams Gewest,Provincie Vlaams-Brabant,Arrondissement Halle-Vilvoorde,Grimbergen,0.846
België,Vlaams Gewest,Provincie Limburg,Arrondissement Hasselt,Heusden-Zolder,0.846
België,Vlaams Gewest,Provincie Vlaams-Brabant,Arrondissement Leuven,Hoegaarden,0.847
België,Vlaams Gewest,Provincie Oost-Vlaanderen,Arrondissement Aalst,Sint-Lievens-Houtem,0.847
België,Vlaams Gewest,Provincie Oost-Vlaanderen,Arrondissement Gent,Merelbeke,0.847
België,Vlaams Gewest,Provincie West-Vlaanderen,Arrondissement Ieper,Mesen,0.847
België,Waals Gewest,Provincie Waals-Brabant,Arrondissement Nijvel,Mont-Saint-Guibert,0.847
België,Vlaams Gewest,Provincie Limburg,Arrondissement Hasselt,Lummen,0.847
België,Vlaams Gewest,Provincie Antwerpen,Arrondissement Antwerpen,Kontich,0.847
België,Vlaams Gewest,Provincie Limburg,Arrondissement Tongeren,Wellen,0.847
België,Vlaams Gewest,Provincie Oost-Vlaanderen,Arrondissement Sint-Niklaas,Temse,0.847
België,Waals Gewest,Provincie Luik,Arrondissement Luik,Blégny,0.847
België,Vlaams Gewest,Provincie Vlaams-Brabant,Arrondissement Halle-Vilvoorde,Affligem,0.847
België,Waals Gewest,Provincie Luik,Arrondissement Verviers,Eupen,0.847
België,Waals Gewest,Provincie Luxemburg,Arrondissement Bastenaken,Vielsalm,0.847
België,Waals Gewest,Provincie Namen,Arrondissement Dinant,Yvoir,0.847
België,Vlaams Gewest,Provincie Limburg,Arrondissement Maaseik,Hechtel-Eksel,0.847
België,Vlaams Gewest,Provincie Antwerpen,Arrondissement Mechelen,Lier,0.848
België,Vlaams Gewest,Provincie Oost-Vlaanderen,Arrondissement Dendermonde,Wetteren,0.848
België,Waals Gewest,Provincie Luik,Arrondissement Luik,Juprelle,0.848
België,Vlaams Gewest,Provincie Oost-Vlaanderen,Arrondissement Dendermonde,Zele,0.848
België,Vlaams Gewest,Provincie Oost-Vlaanderen,Arrondissement Oudenaarde,Oudenaarde,0.848
België,Waals Gewest,Provincie Henegouwen,Arrondissement Doornik,Doornik,0.849
België,Waals Gewest,Provincie Henegouwen,Arrondissement Bergen,Quévy,0.849
België,Vlaams Gewest,Provincie Antwerpen,Arrondissement Turnhout,Arendonk,0.849
België,Brussels Hoofdstedelijk Gewest,,Arrondissement Brussel-Hoofdstad,Sint-Jans-Molenbeek,0.849
België,Vlaams Gewest,Provincie West-Vlaanderen,Arrondissement Kortrijk,Harelbeke,0.849
België,Vlaams Gewest,Provincie Limburg,Arrondissement Tongeren,Tongeren,0.849
België,Waals Gewest,Provincie Luik,Arrondissement Borgworm,Geer,0.849
België,Vlaams Gewest,Provincie Oost-Vlaanderen,Arrondissement Gent,Waarschoot,0.849
België,Waals Gewest,Provincie Luik,Arrondissement Borgworm,Fexhe-le-Haut-Clocher,0.849
België,Waals Gewest,Provincie Luxemburg,Arrondissement Virton,Chiny,0.849
België,Vlaams Gewest,Provincie Limburg,Arrondissement Tongeren,Kortessem,0.85
België,Vlaams Gewest,Provincie Vlaams-Brabant,Arrondissement Halle-Vilvoorde,Kampenhout,0.85
België,Vlaams Gewest,Provincie Vlaams-Brabant,Arrondissement Leuven,Tremelo,0.85
België,Vlaams Gewest,Provincie Oost-Vlaanderen,Arrondissement Dendermonde,Hamme (Dendermonde),0.85
België,Vlaams Gewest,Provincie Oost-Vlaanderen,Arrondissement Oudenaarde,Brakel,0.85
België,Vlaams Gewest,Provincie Oost-Vlaanderen,Arrondissement Sint-Niklaas,Beveren (Sint-Niklaas),0.85
België,Vlaams Gewest,Provincie West-Vlaanderen,Arrondissement Ieper,Wervik,0.851
België,Vlaams Gewest,Provincie Antwerpen,Arrondissement Mechelen,Bornem,0.851
België,Waals Gewest,Provincie Waals-Brabant,Arrondissement Nijvel,Nijvel,0.851
België,Waals Gewest,Provincie Luik,Arrondissement Borgworm,Faimes,0.851
België,Waals Gewest,Provincie Luxemburg,Arrondissement Virton,Tintigny,0.851
België,Vlaams Gewest,Provincie Vlaams-Brabant,Arrondissement Leuven,Diest,0.851
België,Vlaams Gewest,Provincie West-Vlaanderen,Arrondissement Kortrijk,Menen,0.851
België,Waals Gewest,Provincie Namen,Arrondissement Philippeville,Florennes,0.851
België,Vlaams Gewest,Provincie West-Vlaanderen,Arrondissement Kortrijk,Avelgem,0.851
België,Waals Gewest,Provincie Namen,Arrondissement Philippeville,Walcourt,0.851
België,Vlaams Gewest,Provincie West-Vlaanderen,Arrondissement Kortrijk,Wevelgem,0.851
België,Waals Gewest,Provincie Luik,Arrondissement Verviers,Baelen,0.851
België,Waals Gewest,Provincie Namen,Arrondissement Dinant,Ciney,0.852
België,Waals Gewest,Provincie Waals-Brabant,Arrondissement Nijvel,Rebecq,0.852
België,Waals Gewest,Provincie Luik,Arrondissement Luik,Soumagne,0.852
België,Waals Gewest,Provincie Namen,Arrondissement Namen,Eghezée,0.852
België,Vlaams Gewest,Provincie Vlaams-Brabant,Arrondissement Halle-Vilvoorde,Londerzeel,0.852
België,Vlaams Gewest,Provincie Vlaams-Brabant,Arrondissement Leuven,Boutersem,0.852
België,Vlaams Gewest,Provincie Antwerpen,Arrondissement Antwerpen,Rumst,0.852
België,Vlaams Gewest,Provincie Antwerpen,Arrondissement Mechelen,Nijlen,0.852
België,Waals Gewest,Provincie Luik,Arrondissement Luik,Awans,0.852
België,Waals Gewest,Provincie Luik,Arrondissement Luik,Bitsingen,0.852
België,Vlaams Gewest,Provincie Oost-Vlaanderen,Arrondissement Gent,Melle,0.852
België,Waals Gewest,Provincie Waals-Brabant,Arrondissement Nijvel,Ottignies-Louvain-la-Neuve,0.853
België,Vlaams Gewest,Provincie Vlaams-Brabant,Arrondissement Halle-Vilvoorde,Roosdaal,0.853
België,Vlaams Gewest,Provincie Oost-Vlaanderen,Arrondissement Gent,Gent,0.853
België,Vlaams Gewest,Provincie Oost-Vlaanderen,Arrondissement Oudenaarde,Lierde,0.853
België,Vlaams Gewest,Provincie Vlaams-Brabant,Arrondissement Leuven,Boortmeerbeek,0.853
België,Waals Gewest,Provincie Henegouwen,Arrondissement Zinnik,Edingen,0.853
België,Vlaams Gewest,Provincie Antwerpen,Arrondissement Mechelen,Heist-op-den-Berg,0.854
België,Vlaams Gewest,Provincie Oost-Vlaanderen,Arrondissement Aalst,Ninove,0.854
België,Vlaams Gewest,Provincie Antwerpen,Arrondissement Mechelen,Puurs,0.854
België,Vlaams Gewest,Provincie Limburg,Arrondissement Hasselt,Gingelom,0.854
België,Vlaams Gewest,Provincie Vlaams-Brabant,Arrondissement Halle-Vilvoorde,Drogenbos,0.854
België,Vlaams Gewest,Provincie Oost-Vlaanderen,Arrondissement Sint-Niklaas,Sint-Niklaas (Sint-Niklaas),0.854
België,Brussels Hoofdstedelijk Gewest,,Arrondissement Brussel-Hoofdstad,Ganshoren,0.854
België,Vlaams Gewest,Provincie Limburg,Arrondissement Maaseik,Peer,0.854
België,Vlaams Gewest,Provincie West-Vlaanderen,Arrondissement Oostende,Oostende,0.854
België,Waals Gewest,Provincie Namen,Arrondissement Dinant,Anhée,0.854
België,Vlaams Gewest,Provincie Antwerpen,Arrondissement Turnhout,Beerse,0.855
België,Vlaams Gewest,Provincie Vlaams-Brabant,Arrondissement Leuven,Bierbeek,0.855
België,Vlaams Gewest,Provincie Oost-Vlaanderen,Arrondissement Sint-Niklaas,Kruibeke,0.855
België,Vlaams Gewest,Provincie Limburg,Arrondissement Maaseik,Dilsen-Stokkem,0.855
België,Vlaams Gewest,Provincie Antwerpen,Arrondissement Mechelen,Sint-Amands,0.855
België,Vlaams Gewest,Provincie Antwerpen,Arrondissement Mechelen,Berlaar,0.856
België,Waals Gewest,Provincie Henegouwen,Arrondissement Zinnik,Zinnik,0.856
België,Waals Gewest,Provincie Namen,Arrondissement Dinant,Hastière,0.856
België,Waals Gewest,Provincie Henegouwen,Arrondissement Aat,Beloeil,0.856
België,Waals Gewest,Provincie Luik,Arrondissement Borgworm,Oerle,0.856
België,Vlaams Gewest,Provincie Vlaams-Brabant,Arrondissement Halle-Vilvoorde,Ternat,0.857
België,Vlaams Gewest,Provincie Limburg,Arrondissement Hasselt,Opglabbeek,0.857
België,Vlaams Gewest,Provincie Limburg,Arrondissement Hasselt,Beringen,0.857
België,Vlaams Gewest,Provincie Vlaams-Brabant,Arrondissement Halle-Vilvoorde,Steenokkerzeel,0.857
België,Vlaams Gewest,Provincie Oost-Vlaanderen,Arrondissement Sint-Niklaas,Lokeren,0.857
België,Brussels Hoofdstedelijk Gewest,,Arrondissement Brussel-Hoofdstad,Jette,0.857
België,Waals Gewest,Provincie Luik,Arrondissement Verviers,Spa,0.858
België,Vlaams Gewest,Provincie Antwerpen,Arrondissement Turnhout,Lille,0.858
België,Waals Gewest,Provincie Henegouwen,Arrondissement Doornik,Leuze-en-Hainaut,0.858
België,Vlaams Gewest,Provincie Oost-Vlaanderen,Arrondissement Dendermonde,Wichelen,0.858
België,Waals Gewest,Provincie Henegouwen,Arrondissement Charleroi,Aiseau-Presles,0.858
België,Vlaams Gewest,Provincie Vlaams-Brabant,Arrondissement Halle-Vilvoorde,Zaventem,0.858
België,Vlaams Gewest,Provincie Oost-Vlaanderen,Arrondissement Aalst,Erpe-Mere,0.859
België,Waals Gewest,Provincie Waals-Brabant,Arrondissement Nijvel,Hélécine,0.859
België,Vlaams Gewest,Provincie Antwerpen,Arrondissement Antwerpen,Antwerpen,0.859
België,Waals Gewest,Provincie Henegouwen,Arrondissement Thuin,Merbes-le-Château,0.859
België,Vlaams Gewest,Provincie Antwerpen,Arrondissement Turnhout,Herselt,0.86
België,Waals Gewest,Provincie Luik,Arrondissement Luik,Wezet,0.86
België,Waals Gewest,Provincie Luik,Arrondissement Luik,Comblain-au-Pont,0.86
België,Waals Gewest,Provincie Luik,Arrondissement Verviers,Welkenraedt,0.86
België,Vlaams Gewest,Provincie Oost-Vlaanderen,Arrondissement Aalst,Lede,0.861
België,Waals Gewest,Provincie Henegouwen,Arrondissement Zinnik,’s Gravenbrakel,0.861
België,Vlaams Gewest,Provincie Oost-Vlaanderen,Arrondissement Dendermonde,Lebbeke,0.861
België,Vlaams Gewest,Provincie Antwerpen,Arrondissement Turnhout,Geel,0.861
België,Vlaams Gewest,Provincie Vlaams-Brabant,Arrondissement Halle-Vilvoorde,Galmaarden,0.861
België,Waals Gewest,Provincie Henegouwen,Arrondissement Doornik,Péruwelz,0.861
België,Waals Gewest,Provincie Namen,Arrondissement Philippeville,Cerfontaine,0.861
België,Vlaams Gewest,Provincie Limburg,Arrondissement Tongeren,Maasmechelen,0.861
België,Vlaams Gewest,Provincie Limburg,Arrondissement Maaseik,Lommel,0.861
België,Waals Gewest,Provincie Luik,Arrondissement Luik,Trooz,0.861
België,Vlaams Gewest,Provincie Oost-Vlaanderen,Arrondissement Dendermonde,Buggenhout,0.862
België,Vlaams Gewest,Provincie Oost-Vlaanderen,Arrondissement Gent,Evergem,0.862
België,Vlaams Gewest,Provincie Vlaams-Brabant,Arrondissement Leuven,Rotselaar,0.862
België,Vlaams Gewest,Provincie Oost-Vlaanderen,Arrondissement Aalst,Herzele,0.862
België,Vlaams Gewest,Provincie Oost-Vlaanderen,Arrondissement Aalst,Geraardsbergen,0.862
België,Vlaams Gewest,Provincie Vlaams-Brabant,Arrondissement Leuven,Kortenberg,0.862
België,Vlaams Gewest,Provincie Oost-Vlaanderen,Arrondissement Gent,Wachtebeke,0.862
België,Waals Gewest,Provincie Luik,Arrondissement Hoei,Hoei,0.863
België,Waals Gewest,Provincie Luik,Arrondissement Borgworm,Braives,0.863
België,Waals Gewest,Provincie Luxemburg,Arrondissement Marche-en-Famenne,Marche-en-Famenne,0.863
België,Vlaams Gewest,Provincie Antwerpen,Arrondissement Antwerpen,Mortsel,0.863
België,Vlaams Gewest,Provincie Antwerpen,Arrondissement Turnhout,Mol,0.863
België,Waals Gewest,Provincie Luxemburg,Arrondissement Neufchâteau,Tellin,0.864
België,Vlaams Gewest,Provincie Oost-Vlaanderen,Arrondissement Oudenaarde,Ronse,0.864
België,Brussels Hoofdstedelijk Gewest,,Arrondissement Brussel-Hoofdstad,Evere,0.864
België,Vlaams Gewest,Provincie Antwerpen,Arrondissement Turnhout,Balen,0.864
België,Vlaams Gewest,Provincie Antwerpen,Arrondissement Turnhout,Herenthout,0.864
België,Vlaams Gewest,Provincie Vlaams-Brabant,Arrondissement Leuven,Herent,0.864
België,Vlaams Gewest,Provincie Oost-Vlaanderen,Arrondissement Aalst,Zottegem,0.864
België,Vlaams Gewest,Provincie Oost-Vlaanderen,Arrondissement Eeklo,Eeklo,0.864
België,Vlaams Gewest,Provincie Vlaams-Brabant,Arrondissement Halle-Vilvoorde,Sint-Pieters-Leeuw,0.865
België,Waals Gewest,Provincie Henegouwen,Arrondissement Doornik,Estaimpuis,0.866
België,Waals Gewest,Provincie Henegouwen,Arrondissement Bergen,Quiévrain,0.866
België,Waals Gewest,Provincie Luxemburg,Arrondissement Virton,Rouvroy,0.867
België,Vlaams Gewest,Provincie Vlaams-Brabant,Arrondissement Halle-Vilvoorde,Kapelle-op-den-Bos,0.867
België,Waals Gewest,Provincie Namen,Arrondissement Philippeville,Viroinval,0.867
België,Waals Gewest,Provincie Henegouwen,Arrondissement Aat,Chièvres,0.867
België,Waals Gewest,Provincie Luik,Arrondissement Borgworm,Remicourt,0.868
België,Waals Gewest,Provincie Namen,Arrondissement Namen,Gembloux,0.868
België,Waals Gewest,Provincie Henegouwen,Arrondissement Aat,Brugelette,0.868
België,Vlaams Gewest,Provincie Oost-Vlaanderen,Arrondissement Aalst,Aalst (Aalst),0.868
België,Vlaams Gewest,Provincie Limburg,Arrondissement Hasselt,As,0.868
België,Waals Gewest,Provincie Luik,Arrondissement Hoei,Villers-Le-Bouillet,0.869
België,Waals Gewest,Provincie Henegouwen,Arrondissement Thuin,Binche,0.869
België,Waals Gewest,Provincie Namen,Arrondissement Namen,Namen,0.869
België,Vlaams Gewest,Provincie Vlaams-Brabant,Arrondissement Leuven,Aarschot,0.869
België,Vlaams Gewest,Provincie Antwerpen,Arrondissement Antwerpen,Lint,0.869
België,Vlaams Gewest,Provincie Vlaams-Brabant,Arrondissement Halle-Vilvoorde,Opwijk,0.869
België,Vlaams Gewest,Provincie Antwerpen,Arrondissement Mechelen,Duffel,0.869
België,Vlaams Gewest,Provincie Antwerpen,Arrondissement Turnhout,Herentals,0.869
België,Waals Gewest,Provincie Luik,Arrondissement Hoei,Héron,0.869
België,Vlaams Gewest,Provincie Vlaams-Brabant,Arrondissement Leuven,Haacht,0.869
België,Vlaams Gewest,Provincie Antwerpen,Arrondissement Turnhout,Hulshout,0.87
België,Vlaams Gewest,Provincie Vlaams-Brabant,Arrondissement Leuven,Bertem,0.87
België,Waals Gewest,Provincie Henegouwen,Arrondissement Charleroi,Pont-à-Celles,0.87
België,Vlaams Gewest,Provincie Oost-Vlaanderen,Arrondissement Dendermonde,Dendermonde,0.87
België,Vlaams Gewest,Provincie Limburg,Arrondissement Hasselt,Tessenderlo,0.87
België,Waals Gewest,Provincie Luik,Arrondissement Luik,Luik,0.87
België,Vlaams Gewest,Provincie Antwerpen,Arrondissement Turnhout,Vosselaar,0.87
België,Waals Gewest,Provincie Luik,Arrondissement Borgworm,Saint-Georges-sur-Meuse,0.87
België,Vlaams Gewest,Provincie Antwerpen,Arrondissement Turnhout,Dessel,0.87
België,Waals Gewest,Provincie Luik,Arrondissement Borgworm,Lijsem,0.871
België,Vlaams Gewest,Provincie Limburg,Arrondissement Hasselt,Genk,0.871
België,Vlaams Gewest,Provincie Antwerpen,Arrondissement Turnhout,Vorselaar,0.871
België,Waals Gewest,Provincie Henegouwen,Arrondissement Aat,Bernissart,0.871
België,Waals Gewest,Provincie Henegouwen,Arrondissement Moeskroen,Moeskroen,0.871
België,Vlaams Gewest,Provincie Antwerpen,Arrondissement Turnhout,Meerhout,0.872
België,Waals Gewest,Provincie Henegouwen,Arrondissement Aat,Aat,0.872
België,Waals Gewest,Provincie Luik,Arrondissement Hoei,Marchin,0.872
België,Waals Gewest,Provincie Luik,Arrondissement Luik,Fléron,0.872
België,Vlaams Gewest,Provincie Limburg,Arrondissement Hasselt,Diepenbeek,0.872
België,Waals Gewest,Provincie Henegouwen,Arrondissement Bergen,Hensies,0.872
België,Waals Gewest,Provincie Luik,Arrondissement Luik,Oupeye,0.872
België,Vlaams Gewest,Provincie Limburg,Arrondissement Maaseik,Overpelt,0.872
België,Waals Gewest,Provincie Namen,Arrondissement Namen,Floreffe,0.872
België,Vlaams Gewest,Provincie Limburg,Arrondissement Maaseik,Houthalen-Helchteren,0.873
België,Waals Gewest,Provincie Henegouwen,Arrondissement Bergen,Saint-Ghislain,0.873
België,Vlaams Gewest,Provincie Limburg,Arrondissement Hasselt,Leopoldsburg,0.874
België,Waals Gewest,Provincie Henegouwen,Arrondissement Thuin,Lobbes,0.874
België,Waals Gewest,Provincie Luxemburg,Arrondissement Virton,Meix-devant-Virton,0.874
België,Vlaams Gewest,Provincie Oost-Vlaanderen,Arrondissement Aalst,Haaltert,0.874
België,Waals Gewest,Provincie Luik,Arrondissement Verviers,Verviers,0.874
België,Waals Gewest,Provincie Henegouwen,Arrondissement Thuin,Erquelinnes,0.874
België,Waals Gewest,Provincie Henegouwen,Arrondissement Charleroi,Fleurus,0.875
België,Waals Gewest,Provincie Luxemburg,Arrondissement Aarlen,Attert,0.875
België,Vlaams Gewest,Provincie Antwerpen,Arrondissement Turnhout,Westerlo,0.875
België,Vlaams Gewest,Provincie Vlaams-Brabant,Arrondissement Leuven,Scherpenheuvel-Zichem,0.875
België,Waals Gewest,Provincie Henegouwen,Arrondissement Zinnik,Lessen,0.875
België,Waals Gewest,Provincie Henegouwen,Arrondissement Doornik,Rumes,0.876
België,Waals Gewest,Provincie Henegouwen,Arrondissement Zinnik,Ecaussinnes,0.876
België,Vlaams Gewest,Provincie Vlaams-Brabant,Arrondissement Leuven,Tienen,0.876
België,Vlaams Gewest,Provincie Limburg,Arrondissement Hasselt,Ham,0.876
België,Vlaams Gewest,Provincie Vlaams-Brabant,Arrondissement Halle-Vilvoorde,Liedekerke,0.877
België,Vlaams Gewest,Provincie Vlaams-Brabant,Arrondissement Leuven,Begijnendijk,0.877
België,Vlaams Gewest,Provincie Vlaams-Brabant,Arrondissement Halle-Vilvoorde,Zemst,0.878
België,Waals Gewest,Provincie Henegouwen,Arrondissement Bergen,Bergen,0.878
België,Waals Gewest,Provincie Luxemburg,Arrondissement Virton,Virton,0.878
België,Waals Gewest,Provincie Namen,Arrondissement Namen,Jemeppe-sur-Sambre,0.879
België,Waals Gewest,Provincie Luik,Arrondissement Verviers,Pepinster,0.879
België,Vlaams Gewest,Provincie Antwerpen,Arrondissement Turnhout,Turnhout,0.88
België,Vlaams Gewest,Provincie West-Vlaanderen,Arrondissement Oostende,Bredene,0.881
België,Vlaams Gewest,Provincie Antwerpen,Arrondissement Turnhout,Laakdal,0.881
België,Vlaams Gewest,Provincie Antwerpen,Arrondissement Antwerpen,Borsbeek,0.881
België,Waals Gewest,Provincie Luik,Arrondissement Hoei,Wanze,0.881
België,Waals Gewest,Provincie Namen,Arrondissement Namen,Sambreville,0.881
België,Waals Gewest,Provincie Henegouwen,Arrondissement Thuin,Anderlues,0.882
België,Vlaams Gewest,Provincie Antwerpen,Arrondissement Turnhout,Olen,0.882
België,Waals Gewest,Provincie Luik,Arrondissement Verviers,Kelmis,0.883
België,Vlaams Gewest,Provincie Vlaams-Brabant,Arrondissement Leuven,Leuven,0.883
België,Waals Gewest,Provincie Luxemburg,Arrondissement Virton,Etalle,0.884
België,Waals Gewest,Provincie Henegouwen,Arrondissement Bergen,Dour,0.885
België,Waals Gewest,Provincie Namen,Arrondissement Namen,Andenne,0.885
België,Vlaams Gewest,Provincie Vlaams-Brabant,Arrondissement Halle-Vilvoorde,Halle (Halle-Vilvoorde),0.887
België,Waals Gewest,Provincie Henegouwen,Arrondissement Thuin,Morlanwelz,0.887
België,Waals Gewest,Provincie Henegouwen,Arrondissement Charleroi,Courcelles,0.887
België,Vlaams Gewest,Provincie Antwerpen,Arrondissement Mechelen,Mechelen,0.888
België,Waals Gewest,Provincie Henegouwen,Arrondissement Charleroi,Fontaine-l’Evêque,0.889
België,Waals Gewest,Provincie Luxemburg,Arrondissement Aarlen,Martelange,0.89
België,Waals Gewest,Provincie Waals-Brabant,Arrondissement Nijvel,Tubeke,0.89
België,Waals Gewest,Provincie Henegouwen,Arrondissement Charleroi,Charleroi,0.891
België,Waals Gewest,Provincie Henegouwen,Arrondissement Zinnik,La Louvière,0.891
België,Waals Gewest,Provincie Henegouwen,Arrondissement Doornik,Antoing,0.891
België,Waals Gewest,Provincie Henegouwen,Arrondissement Charleroi,Manage,0.891
België,Vlaams Gewest,Provincie Vlaams-Brabant,Arrondissement Leuven,Landen,0.892
België,Vlaams Gewest,Provincie Antwerpen,Arrondissement Mechelen,Willebroek,0.892
België,Waals Gewest,Provincie Luik,Arrondissement Borgworm,Borgworm,0.892
België,Waals Gewest,Provincie Luik,Arrondissement Luik,Ans,0.893
België,Waals Gewest,Provincie Luik,Arrondissement Luik,Beyne-Heusay,0.894
België,Waals Gewest,Provincie Luxemburg,Arrondissement Aarlen,Aarlen,0.894
België,Waals Gewest,Provincie Henegouwen,Arrondissement Charleroi,Chapelle-lez-Herlaimont,0.894
België,Waals Gewest,Provincie Luik,Arrondissement Luik,Herstal,0.895
België,Waals Gewest,Provincie Luxemburg,Arrondissement Virton,Habay,0.896
België,Vlaams Gewest,Provincie Antwerpen,Arrondissement Antwerpen,Zwijndrecht,0.896
België,Vlaams Gewest,Provincie Vlaams-Brabant,Arrondissement Halle-Vilvoorde,Machelen (Halle-Vilvoorde),0.896
België,Waals Gewest,Provincie Luik,Arrondissement Borgworm,Berloz,0.896
België,Waals Gewest,Provincie Henegouwen,Arrondissement Charleroi,Farciennes,0.897
België,Waals Gewest,Provincie Luik,Arrondissement Luik,Grâce-Hollogne,0.898
België,Vlaams Gewest,Provincie Antwerpen,Arrondissement Antwerpen,Boom,0.898
België,Vlaams Gewest,Provincie Antwerpen,Arrondissement Antwerpen,Schelle,0.898
België,Vlaams Gewest,Provincie Antwerpen,Arrondissement Antwerpen,Stabroek,0.898
België,Waals Gewest,Provincie Luxemburg,Arrondissement Virton,Musson,0.898
België,Vlaams Gewest,Provincie Vlaams-Brabant,Arrondissement Halle-Vilvoorde,Vilvoorde,0.898
België,Vlaams Gewest,Provincie Antwerpen,Arrondissement Antwerpen,Hemiksem,0.899
België,Waals Gewest,Provincie Luik,Arrondissement Luik,Flémalle,0.901
België,Waals Gewest,Provincie Henegouwen,Arrondissement Bergen,Frameries,0.902
België,Waals Gewest,Provincie Luik,Arrondissement Hoei,Engis,0.902
België,Vlaams Gewest,Provincie Oost-Vlaanderen,Arrondissement Eeklo,Zelzate,0.903
België,Waals Gewest,Provincie Henegouwen,Arrondissement Charleroi,Châtelet,0.903
België,Waals Gewest,Provincie Henegouwen,Arrondissement Bergen,Quaregnon,0.905
België,Waals Gewest,Provincie Luik,Arrondissement Luik,Seraing,0.905
België,Waals Gewest,Provincie Henegouwen,Arrondissement Bergen,Boussu,0.905
België,Waals Gewest,Provincie Luik,Arrondissement Verviers,Dison,0.906
België,Vlaams Gewest,Provincie Oost-Vlaanderen,Arrondissement Aalst,Denderleeuw,0.908
België,Waals Gewest,Provincie Luxemburg,Arrondissement Virton,Saint-Léger (Virton),0.908
België,Waals Gewest,Provincie Luik,Arrondissement Luik,Saint-Nicolas (Luik),0.909
België,Waals Gewest,Provincie Henegouwen,Arrondissement Bergen,Colfontaine,0.909
België,Waals Gewest,Provincie Luik,Arrondissement Hoei,Amay,0.912
België,Waals Gewest,Provincie Luxemburg,Arrondissement Aarlen,Messancy,0.913
België,Waals Gewest,Provincie Luxemburg,Arrondissement Aarlen,Aubange,0.914
België,Vlaams Gewest,Provincie Antwerpen,Arrondissement Antwerpen,Niel,0.916
België,,,,,0.843
