België,Gewest,Provincie,Arrondissement,Gemeente,Bevolking geboren buiten België
België,Waals Gewest,Provincie Luik,Arrondissement Verviers,Raeren,0.589
België,Brussels Hoofdstedelijk Gewest,,Arrondissement Brussel-Hoofdstad,Sint-Joost-ten-Node,0.576
België,Brussels Hoofdstedelijk Gewest,,Arrondissement Brussel-Hoofdstad,Sint-Gillis,0.53
België,Brussels Hoofdstedelijk Gewest,,Arrondissement Brussel-Hoofdstad,Elsene,0.524
België,Brussels Hoofdstedelijk Gewest,,Arrondissement Brussel-Hoofdstad,Etterbeek,0.498
België,Brussels Hoofdstedelijk Gewest,,Arrondissement Brussel-Hoofdstad,Brussel,0.495
België,Waals Gewest,Provincie Luik,Arrondissement Verviers,Kelmis,0.474
België,Vlaams Gewest,Provincie Antwerpen,Arrondissement Turnhout,Baarle-Hertog,0.464
België,Brussels Hoofdstedelijk Gewest,,Arrondissement Brussel-Hoofdstad,Schaarbeek,0.457
België,Brussels Hoofdstedelijk Gewest,,Arrondissement Brussel-Hoofdstad,Sint-Jans-Molenbeek,0.432
België,Brussels Hoofdstedelijk Gewest,,Arrondissement Brussel-Hoofdstad,Vorst (Brussel-Hoofdstad),0.401
België,Brussels Hoofdstedelijk Gewest,,Arrondissement Brussel-Hoofdstad,Koekelberg,0.397
België,Brussels Hoofdstedelijk Gewest,,Arrondissement Brussel-Hoofdstad,Anderlecht,0.392
België,Brussels Hoofdstedelijk Gewest,,Arrondissement Brussel-Hoofdstad,Sint-Lambrechts-Woluwe,0.377
België,Brussels Hoofdstedelijk Gewest,,Arrondissement Brussel-Hoofdstad,Ukkel,0.356
België,Brussels Hoofdstedelijk Gewest,,Arrondissement Brussel-Hoofdstad,Sint-Pieters-Woluwe,0.356
België,Waals Gewest,Provincie Luxemburg,Arrondissement Aarlen,Aubange,0.339
België,Brussels Hoofdstedelijk Gewest,,Arrondissement Brussel-Hoofdstad,Evere,0.332
België,Vlaams Gewest,Provincie Limburg,Arrondissement Tongeren,Lanaken,0.321
België,Vlaams Gewest,Provincie Limburg,Arrondissement Maaseik,Hamont-Achel,0.32
België,Waals Gewest,Provincie Henegouwen,Arrondissement Doornik,Estaimpuis,0.32
België,Brussels Hoofdstedelijk Gewest,,Arrondissement Brussel-Hoofdstad,Jette,0.319
België,Brussels Hoofdstedelijk Gewest,,Arrondissement Brussel-Hoofdstad,Oudergem,0.312
België,Waals Gewest,Provincie Henegouwen,Arrondissement Moeskroen,Komen-Waasten,0.312
België,Vlaams Gewest,Provincie Vlaams-Brabant,Arrondissement Halle-Vilvoorde,Kraainem,0.312
België,Vlaams Gewest,Provincie Limburg,Arrondissement Tongeren,Voeren,0.303
België,Waals Gewest,Provincie Luik,Arrondissement Verviers,Lontzen,0.3
België,Vlaams Gewest,Provincie Antwerpen,Arrondissement Turnhout,Ravels,0.295
België,Brussels Hoofdstedelijk Gewest,,Arrondissement Brussel-Hoofdstad,Ganshoren,0.295
België,Brussels Hoofdstedelijk Gewest,,Arrondissement Brussel-Hoofdstad,Sint-Agatha-Berchem,0.272
België,Waals Gewest,Provincie Luik,Arrondissement Verviers,Plombières,0.271
België,Waals Gewest,Provincie Luik,Arrondissement Luik,Luik,0.271
België,Vlaams Gewest,Provincie Vlaams-Brabant,Arrondissement Leuven,Tervuren,0.268
België,Waals Gewest,Provincie Luik,Arrondissement Verviers,Eupen,0.265
België,Waals Gewest,Provincie Luik,Arrondissement Luik,Saint-Nicolas (Luik),0.263
België,Vlaams Gewest,Provincie Antwerpen,Arrondissement Antwerpen,Antwerpen,0.258
België,Vlaams Gewest,Provincie Vlaams-Brabant,Arrondissement Halle-Vilvoorde,Wezembeek-Oppem,0.254
België,Waals Gewest,Provincie Waals-Brabant,Arrondissement Nijvel,Waterloo,0.253
België,Vlaams Gewest,Provincie Limburg,Arrondissement Tongeren,Maasmechelen,0.248
België,Waals Gewest,Provincie Henegouwen,Arrondissement Moeskroen,Moeskroen,0.248
België,Vlaams Gewest,Provincie Vlaams-Brabant,Arrondissement Halle-Vilvoorde,Zaventem,0.246
België,Vlaams Gewest,Provincie Antwerpen,Arrondissement Turnhout,Hoogstraten,0.246
België,Brussels Hoofdstedelijk Gewest,,Arrondissement Brussel-Hoofdstad,Watermaal-Bosvoorde,0.245
België,Waals Gewest,Provincie Luxemburg,Arrondissement Aarlen,Messancy,0.24
België,Waals Gewest,Provincie Luik,Arrondissement Luik,Herstal,0.237
België,Vlaams Gewest,Provincie Antwerpen,Arrondissement Antwerpen,Essen,0.227
België,Waals Gewest,Provincie Luxemburg,Arrondissement Aarlen,Aarlen,0.223
België,Waals Gewest,Provincie Luxemburg,Arrondissement Aarlen,Martelange,0.222
België,Waals Gewest,Provincie Waals-Brabant,Arrondissement Nijvel,Ottignies-Louvain-la-Neuve,0.219
België,Vlaams Gewest,Provincie Vlaams-Brabant,Arrondissement Halle-Vilvoorde,Overijse,0.214
België,Waals Gewest,Provincie Henegouwen,Arrondissement Charleroi,Farciennes,0.21
België,Vlaams Gewest,Provincie Limburg,Arrondissement Maaseik,Kinrooi,0.209
België,Waals Gewest,Provincie Waals-Brabant,Arrondissement Nijvel,Terhulpen,0.209
België,Vlaams Gewest,Provincie Vlaams-Brabant,Arrondissement Leuven,Leuven,0.208
België,Vlaams Gewest,Provincie Vlaams-Brabant,Arrondissement Halle-Vilvoorde,Sint-Genesius-Rode,0.208
België,Waals Gewest,Provincie Luik,Arrondissement Verviers,Verviers,0.206
België,Vlaams Gewest,Provincie Limburg,Arrondissement Hasselt,Genk,0.204
België,Vlaams Gewest,Provincie Limburg,Arrondissement Tongeren,Riemst,0.204
België,Vlaams Gewest,Provincie Vlaams-Brabant,Arrondissement Halle-Vilvoorde,Drogenbos,0.198
België,Vlaams Gewest,Provincie Vlaams-Brabant,Arrondissement Halle-Vilvoorde,Vilvoorde,0.196
België,Vlaams Gewest,Provincie Limburg,Arrondissement Maaseik,Neerpelt,0.193
België,Waals Gewest,Provincie Luik,Arrondissement Luik,Seraing,0.191
België,Waals Gewest,Provincie Luxemburg,Arrondissement Virton,Musson,0.19
België,Waals Gewest,Provincie Henegouwen,Arrondissement Bergen,Quiévrain,0.188
België,Waals Gewest,Provincie Henegouwen,Arrondissement Bergen,Bergen,0.184
België,Waals Gewest,Provincie Henegouwen,Arrondissement Charleroi,Charleroi,0.182
België,Waals Gewest,Provincie Waals-Brabant,Arrondissement Nijvel,Tubeke,0.181
België,Waals Gewest,Provincie Luik,Arrondissement Verviers,Dison,0.18
België,Vlaams Gewest,Provincie Vlaams-Brabant,Arrondissement Halle-Vilvoorde,Machelen (Halle-Vilvoorde),0.18
België,Waals Gewest,Provincie Henegouwen,Arrondissement Zinnik,La Louvière,0.18
België,Vlaams Gewest,Provincie Vlaams-Brabant,Arrondissement Halle-Vilvoorde,Hoeilaart,0.179
België,Vlaams Gewest,Provincie Oost-Vlaanderen,Arrondissement Gent,Gent,0.179
België,Waals Gewest,Provincie Luik,Arrondissement Luik,Grâce-Hollogne,0.177
België,Vlaams Gewest,Provincie West-Vlaanderen,Arrondissement Ieper,Mesen,0.177
België,Vlaams Gewest,Provincie Limburg,Arrondissement Maaseik,Lommel,0.175
België,Waals Gewest,Provincie Luik,Arrondissement Luik,Ans,0.175
België,Waals Gewest,Provincie Henegouwen,Arrondissement Bergen,Quaregnon,0.171
België,Vlaams Gewest,Provincie Vlaams-Brabant,Arrondissement Halle-Vilvoorde,Wemmel,0.17
België,Vlaams Gewest,Provincie Limburg,Arrondissement Maaseik,Maaseik,0.169
België,Vlaams Gewest,Provincie Antwerpen,Arrondissement Turnhout,Arendonk,0.168
België,Waals Gewest,Provincie Waals-Brabant,Arrondissement Nijvel,Lasne,0.167
België,Waals Gewest,Provincie Luik,Arrondissement Verviers,Büllingen,0.165
België,Waals Gewest,Provincie Waals-Brabant,Arrondissement Nijvel,Rixensart,0.163
België,Vlaams Gewest,Provincie Vlaams-Brabant,Arrondissement Halle-Vilvoorde,Linkebeek,0.162
België,Waals Gewest,Provincie Henegouwen,Arrondissement Charleroi,Châtelet,0.159
België,Waals Gewest,Provincie Luxemburg,Arrondissement Virton,Virton,0.158
België,Waals Gewest,Provincie Henegouwen,Arrondissement Bergen,Hensies,0.156
België,Waals Gewest,Provincie Henegouwen,Arrondissement Charleroi,Aiseau-Presles,0.156
België,Waals Gewest,Provincie Henegouwen,Arrondissement Doornik,Péruwelz,0.155
België,Waals Gewest,Provincie Luxemburg,Arrondissement Marche-en-Famenne,Rendeux,0.155
België,Vlaams Gewest,Provincie Antwerpen,Arrondissement Mechelen,Mechelen,0.153
België,Vlaams Gewest,Provincie Antwerpen,Arrondissement Turnhout,Turnhout,0.152
België,Waals Gewest,Provincie Henegouwen,Arrondissement Charleroi,Chapelle-lez-Herlaimont,0.152
België,Waals Gewest,Provincie Luik,Arrondissement Luik,Wezet,0.152
België,Vlaams Gewest,Provincie Limburg,Arrondissement Maaseik,Houthalen-Helchteren,0.151
België,Vlaams Gewest,Provincie Limburg,Arrondissement Hasselt,Heusden-Zolder,0.151
België,Vlaams Gewest,Provincie Limburg,Arrondissement Maaseik,Dilsen-Stokkem,0.15
België,Waals Gewest,Provincie Luxemburg,Arrondissement Aarlen,Attert,0.15
België,Waals Gewest,Provincie Henegouwen,Arrondissement Thuin,Morlanwelz,0.149
België,Waals Gewest,Provincie Waals-Brabant,Arrondissement Nijvel,Waver,0.148
België,Vlaams Gewest,Provincie Vlaams-Brabant,Arrondissement Halle-Vilvoorde,Sint-Pieters-Leeuw,0.143
België,Waals Gewest,Provincie Henegouwen,Arrondissement Charleroi,Manage,0.143
België,Waals Gewest,Provincie Henegouwen,Arrondissement Bergen,Jurbeke,0.142
België,Waals Gewest,Provincie Henegouwen,Arrondissement Charleroi,Fontaine-l’Evêque,0.141
België,Waals Gewest,Provincie Henegouwen,Arrondissement Aat,Bernissart,0.141
België,Waals Gewest,Provincie Luik,Arrondissement Luik,Trooz,0.141
België,Waals Gewest,Provincie Henegouwen,Arrondissement Doornik,Doornik,0.14
België,Waals Gewest,Provincie Luik,Arrondissement Luik,Fléron,0.14
België,Vlaams Gewest,Provincie Limburg,Arrondissement Maaseik,Bocholt,0.14
België,Waals Gewest,Provincie Namen,Arrondissement Namen,Namen,0.139
België,Vlaams Gewest,Provincie Limburg,Arrondissement Maaseik,Overpelt,0.139
België,Waals Gewest,Provincie Luxemburg,Arrondissement Bastenaken,Gouvy,0.139
België,Waals Gewest,Provincie Luik,Arrondissement Luik,Beyne-Heusay,0.138
België,Waals Gewest,Provincie Henegouwen,Arrondissement Thuin,Momignies,0.138
België,Vlaams Gewest,Provincie Limburg,Arrondissement Hasselt,Leopoldsburg,0.136
België,Waals Gewest,Provincie Waals-Brabant,Arrondissement Nijvel,Eigenbrakel,0.136
België,Vlaams Gewest,Provincie Antwerpen,Arrondissement Antwerpen,Boom,0.135
België,Waals Gewest,Provincie Luxemburg,Arrondissement Virton,Saint-Léger (Virton),0.135
België,Vlaams Gewest,Provincie Limburg,Arrondissement Hasselt,Zutendaal,0.134
België,Waals Gewest,Provincie Henegouwen,Arrondissement Bergen,Boussu,0.134
België,Waals Gewest,Provincie Waals-Brabant,Arrondissement Nijvel,Court-Saint-Etienne,0.132
België,Waals Gewest,Provincie Henegouwen,Arrondissement Bergen,Colfontaine,0.131
België,Waals Gewest,Provincie Namen,Arrondissement Dinant,Vresse-sur-Semois,0.131
België,Waals Gewest,Provincie Henegouwen,Arrondissement Charleroi,Fleurus,0.13
België,Waals Gewest,Provincie Luik,Arrondissement Verviers,Welkenraedt,0.13
België,Waals Gewest,Provincie Luxemburg,Arrondissement Virton,Rouvroy,0.129
België,Vlaams Gewest,Provincie Limburg,Arrondissement Maaseik,Hechtel-Eksel,0.129
België,Vlaams Gewest,Provincie Antwerpen,Arrondissement Turnhout,Oud-Turnhout,0.128
België,Vlaams Gewest,Provincie Antwerpen,Arrondissement Antwerpen,Kapellen (Antwerpen),0.127
België,Vlaams Gewest,Provincie Vlaams-Brabant,Arrondissement Halle-Vilvoorde,Asse,0.127
België,Waals Gewest,Provincie Luik,Arrondissement Verviers,Baelen,0.126
België,Vlaams Gewest,Provincie Antwerpen,Arrondissement Antwerpen,Kalmthout,0.125
België,Waals Gewest,Provincie Waals-Brabant,Arrondissement Nijvel,Nijvel,0.125
België,Waals Gewest,Provincie Henegouwen,Arrondissement Charleroi,Courcelles,0.125
België,Waals Gewest,Provincie Luik,Arrondissement Hoei,Hoei,0.125
België,Vlaams Gewest,Provincie Vlaams-Brabant,Arrondissement Halle-Vilvoorde,Grimbergen,0.124
België,Vlaams Gewest,Provincie Oost-Vlaanderen,Arrondissement Oudenaarde,Ronse,0.124
België,Waals Gewest,Provincie Luxemburg,Arrondissement Marche-en-Famenne,Hotton,0.123
België,Waals Gewest,Provincie Henegouwen,Arrondissement Doornik,Pecq,0.121
België,Waals Gewest,Provincie Henegouwen,Arrondissement Thuin,Erquelinnes,0.119
België,Waals Gewest,Provincie Henegouwen,Arrondissement Zinnik,Zinnik,0.119
België,Vlaams Gewest,Provincie West-Vlaanderen,Arrondissement Veurne,De Panne,0.119
België,Vlaams Gewest,Provincie Limburg,Arrondissement Hasselt,Beringen,0.118
België,Vlaams Gewest,Provincie West-Vlaanderen,Arrondissement Kortrijk,Menen,0.118
België,Waals Gewest,Provincie Luxemburg,Arrondissement Virton,Florenville,0.117
België,Waals Gewest,Provincie Luxemburg,Arrondissement Virton,Habay,0.116
België,Waals Gewest,Provincie Henegouwen,Arrondissement Bergen,Saint-Ghislain,0.116
België,Waals Gewest,Provincie Henegouwen,Arrondissement Bergen,Frameries,0.116
België,Waals Gewest,Provincie Namen,Arrondissement Dinant,Dinant,0.114
België,Vlaams Gewest,Provincie Vlaams-Brabant,Arrondissement Halle-Vilvoorde,Steenokkerzeel,0.114
België,Waals Gewest,Provincie Luik,Arrondissement Luik,Flémalle,0.114
België,Waals Gewest,Provincie Henegouwen,Arrondissement Doornik,Brunehaut,0.114
België,Vlaams Gewest,Provincie Vlaams-Brabant,Arrondissement Halle-Vilvoorde,Beersel,0.114
België,Waals Gewest,Provincie Waals-Brabant,Arrondissement Nijvel,Graven,0.114
België,Vlaams Gewest,Provincie Antwerpen,Arrondissement Antwerpen,Brasschaat,0.114
België,Vlaams Gewest,Provincie West-Vlaanderen,Arrondissement Oostende,Oostende,0.113
België,Waals Gewest,Provincie Luxemburg,Arrondissement Neufchâteau,Bouillon,0.113
België,Waals Gewest,Provincie Namen,Arrondissement Dinant,Yvoir,0.113
België,Vlaams Gewest,Provincie Vlaams-Brabant,Arrondissement Leuven,Kortenberg,0.113
België,Vlaams Gewest,Provincie Oost-Vlaanderen,Arrondissement Eeklo,Zelzate,0.112
België,Waals Gewest,Provincie Luik,Arrondissement Luik,Oupeye,0.112
België,Waals Gewest,Provincie Henegouwen,Arrondissement Thuin,Anderlues,0.112
België,Waals Gewest,Provincie Luik,Arrondissement Verviers,Stoumont,0.112
België,Waals Gewest,Provincie Namen,Arrondissement Philippeville,Viroinval,0.111
België,Waals Gewest,Provincie Luxemburg,Arrondissement Bastenaken,Bastenaken,0.111
België,Waals Gewest,Provincie Luik,Arrondissement Luik,Dalhem,0.11
België,Waals Gewest,Provincie Henegouwen,Arrondissement Thuin,Binche,0.109
België,Vlaams Gewest,Provincie Antwerpen,Arrondissement Antwerpen,Schilde,0.109
België,Waals Gewest,Provincie Luik,Arrondissement Verviers,Bütgenbach,0.108
België,Waals Gewest,Provincie Luik,Arrondissement Verviers,Burg-Reuland,0.108
België,Vlaams Gewest,Provincie Oost-Vlaanderen,Arrondissement Sint-Niklaas,Sint-Niklaas (Sint-Niklaas),0.108
België,Waals Gewest,Provincie Henegouwen,Arrondissement Zinnik,’s Gravenbrakel,0.107
België,Waals Gewest,Provincie Luik,Arrondissement Verviers,Sankt Vith,0.107
België,Waals Gewest,Provincie Waals-Brabant,Arrondissement Nijvel,Kasteelbrakel,0.107
België,Waals Gewest,Provincie Luxemburg,Arrondissement Virton,Meix-devant-Virton,0.106
België,Waals Gewest,Provincie Namen,Arrondissement Namen,Gembloux,0.106
België,Vlaams Gewest,Provincie Antwerpen,Arrondissement Mechelen,Willebroek,0.106
België,Vlaams Gewest,Provincie Vlaams-Brabant,Arrondissement Halle-Vilvoorde,Dilbeek,0.105
België,Waals Gewest,Provincie Waals-Brabant,Arrondissement Nijvel,Rebecq,0.105
België,Waals Gewest,Provincie Luik,Arrondissement Luik,Bitsingen,0.104
België,Waals Gewest,Provincie Luik,Arrondissement Verviers,Spa,0.104
België,Waals Gewest,Provincie Waals-Brabant,Arrondissement Nijvel,Chaumont-Gistoux,0.104
België,Waals Gewest,Provincie Luik,Arrondissement Verviers,Malmedy,0.103
België,Waals Gewest,Provincie Namen,Arrondissement Dinant,Hastière,0.102
België,Vlaams Gewest,Provincie Antwerpen,Arrondissement Turnhout,Mol,0.102
België,Waals Gewest,Provincie Luxemburg,Arrondissement Marche-en-Famenne,Manhay,0.101
België,Waals Gewest,Provincie Waals-Brabant,Arrondissement Nijvel,Genepiën,0.101
België,Waals Gewest,Provincie Luxemburg,Arrondissement Bastenaken,Fauvillers,0.101
België,Waals Gewest,Provincie Namen,Arrondissement Namen,Sambreville,0.101
België,Waals Gewest,Provincie Luxemburg,Arrondissement Virton,Etalle,0.1
België,Waals Gewest,Provincie Luik,Arrondissement Luik,Chaudfontaine,0.099
België,Waals Gewest,Provincie Waals-Brabant,Arrondissement Nijvel,Mont-Saint-Guibert,0.099
België,Waals Gewest,Provincie Luik,Arrondissement Hoei,Engis,0.099
België,Vlaams Gewest,Provincie West-Vlaanderen,Arrondissement Kortrijk,Kortrijk,0.099
België,Waals Gewest,Provincie Waals-Brabant,Arrondissement Nijvel,Geldenaken,0.098
België,Waals Gewest,Provincie Waals-Brabant,Arrondissement Nijvel,Chastre,0.098
België,Waals Gewest,Provincie Henegouwen,Arrondissement Bergen,Lens,0.098
België,Waals Gewest,Provincie Henegouwen,Arrondissement Doornik,Rumes,0.098
België,Waals Gewest,Provincie Waals-Brabant,Arrondissement Nijvel,Bevekom,0.097
België,Waals Gewest,Provincie Henegouwen,Arrondissement Charleroi,Montigny-le-Tilleul,0.097
België,Waals Gewest,Provincie Luxemburg,Arrondissement Neufchâteau,Léglise,0.096
België,Waals Gewest,Provincie Luik,Arrondissement Luik,Juprelle,0.096
België,Waals Gewest,Provincie Luik,Arrondissement Luik,Neupré,0.096
België,Waals Gewest,Provincie Luxemburg,Arrondissement Marche-en-Famenne,Marche-en-Famenne,0.096
België,Waals Gewest,Provincie Luik,Arrondissement Verviers,Limburg,0.095
België,Vlaams Gewest,Provincie Limburg,Arrondissement Hasselt,Hasselt,0.095
België,Vlaams Gewest,Provincie Limburg,Arrondissement Tongeren,Bilzen,0.095
België,Waals Gewest,Provincie Henegouwen,Arrondissement Charleroi,Seneffe,0.095
België,Vlaams Gewest,Provincie Antwerpen,Arrondissement Antwerpen,Borsbeek,0.094
België,Vlaams Gewest,Provincie Antwerpen,Arrondissement Turnhout,Retie,0.093
België,Waals Gewest,Provincie Luxemburg,Arrondissement Virton,Chiny,0.093
België,Waals Gewest,Provincie Luxemburg,Arrondissement Marche-en-Famenne,La Roche-en-Ardenne,0.092
België,Waals Gewest,Provincie Henegouwen,Arrondissement Bergen,Dour,0.092
België,Waals Gewest,Provincie Namen,Arrondissement Namen,Andenne,0.092
België,Vlaams Gewest,Provincie Oost-Vlaanderen,Arrondissement Sint-Niklaas,Lokeren,0.092
België,Waals Gewest,Provincie Henegouwen,Arrondissement Thuin,Chimay,0.092
België,Vlaams Gewest,Provincie Limburg,Arrondissement Hasselt,Sint-Truiden,0.092
België,Vlaams Gewest,Provincie Limburg,Arrondissement Hasselt,As,0.091
België,Vlaams Gewest,Provincie Vlaams-Brabant,Arrondissement Leuven,Huldenberg,0.091
België,Waals Gewest,Provincie Luik,Arrondissement Luik,Soumagne,0.091
België,Vlaams Gewest,Provincie Antwerpen,Arrondissement Turnhout,Merksplas,0.091
België,Waals Gewest,Provincie Luxemburg,Arrondissement Marche-en-Famenne,Durbuy,0.091
België,Vlaams Gewest,Provincie Antwerpen,Arrondissement Antwerpen,Edegem,0.09
België,Waals Gewest,Provincie Henegouwen,Arrondissement Doornik,Antoing,0.09
België,Vlaams Gewest,Provincie Vlaams-Brabant,Arrondissement Leuven,Bertem,0.09
België,Vlaams Gewest,Provincie Antwerpen,Arrondissement Antwerpen,Mortsel,0.09
België,Vlaams Gewest,Provincie Vlaams-Brabant,Arrondissement Halle-Vilvoorde,Halle (Halle-Vilvoorde),0.09
België,Vlaams Gewest,Provincie Oost-Vlaanderen,Arrondissement Dendermonde,Zele,0.09
België,Waals Gewest,Provincie Namen,Arrondissement Dinant,Beauraing,0.09
België,Vlaams Gewest,Provincie Antwerpen,Arrondissement Antwerpen,Schoten,0.089
België,Waals Gewest,Provincie Luik,Arrondissement Luik,Esneux,0.089
België,Waals Gewest,Provincie Henegouwen,Arrondissement Aat,Beloeil,0.089
België,Vlaams Gewest,Provincie Vlaams-Brabant,Arrondissement Leuven,Keerbergen,0.089
België,Waals Gewest,Provincie Luxemburg,Arrondissement Bastenaken,Houffalize,0.089
België,Waals Gewest,Provincie Luxemburg,Arrondissement Neufchâteau,Neufchâteau (Neufchâteau),0.087
België,Waals Gewest,Provincie Waals-Brabant,Arrondissement Nijvel,Itter,0.087
België,Vlaams Gewest,Provincie Antwerpen,Arrondissement Antwerpen,Wuustwezel,0.087
België,Vlaams Gewest,Provincie Oost-Vlaanderen,Arrondissement Aalst,Aalst (Aalst),0.087
België,Waals Gewest,Provincie Namen,Arrondissement Philippeville,Couvin,0.087
België,Waals Gewest,Provincie Henegouwen,Arrondissement Zinnik,Edingen,0.087
België,Waals Gewest,Provincie Henegouwen,Arrondissement Zinnik,Le Roeulx,0.086
België,Vlaams Gewest,Provincie West-Vlaanderen,Arrondissement Ieper,Heuvelland,0.086
België,Waals Gewest,Provincie Luik,Arrondissement Luik,Awans,0.085
België,Vlaams Gewest,Provincie Oost-Vlaanderen,Arrondissement Sint-Niklaas,Temse,0.085
België,Vlaams Gewest,Provincie Limburg,Arrondissement Maaseik,Bree,0.085
België,Waals Gewest,Provincie Henegouwen,Arrondissement Bergen,Honnelles,0.084
België,Waals Gewest,Provincie Luik,Arrondissement Luik,Comblain-au-Pont,0.083
België,Vlaams Gewest,Provincie Vlaams-Brabant,Arrondissement Leuven,Diest,0.083
België,Waals Gewest,Provincie Waals-Brabant,Arrondissement Nijvel,Villers-la-Ville,0.083
België,Waals Gewest,Provincie Luxemburg,Arrondissement Virton,Tintigny,0.082
België,Vlaams Gewest,Provincie Oost-Vlaanderen,Arrondissement Aalst,Denderleeuw,0.082
België,Vlaams Gewest,Provincie West-Vlaanderen,Arrondissement Brugge,Knokke-Heist,0.081
België,Waals Gewest,Provincie Waals-Brabant,Arrondissement Nijvel,Incourt,0.081
België,Waals Gewest,Provincie Namen,Arrondissement Dinant,Hamois,0.081
België,Waals Gewest,Provincie Henegouwen,Arrondissement Aat,Brugelette,0.081
België,Waals Gewest,Provincie Henegouwen,Arrondissement Bergen,Quévy,0.081
België,Waals Gewest,Provincie Luik,Arrondissement Luik,Aywaille,0.081
België,Waals Gewest,Provincie Luik,Arrondissement Luik,Blégny,0.081
België,Waals Gewest,Provincie Luik,Arrondissement Borgworm,Saint-Georges-sur-Meuse,0.08
België,Waals Gewest,Provincie Namen,Arrondissement Philippeville,Florennes,0.08
België,Waals Gewest,Provincie Luik,Arrondissement Hoei,Amay,0.08
België,Waals Gewest,Provincie Luik,Arrondissement Verviers,Amel,0.08
België,Waals Gewest,Provincie Luxemburg,Arrondissement Neufchâteau,Libramont-Chevigny,0.078
België,Waals Gewest,Provincie Henegouwen,Arrondissement Thuin,Merbes-le-Château,0.078
België,Vlaams Gewest,Provincie Limburg,Arrondissement Tongeren,Tongeren,0.078
België,Waals Gewest,Provincie Luik,Arrondissement Verviers,Aubel,0.078
België,Waals Gewest,Provincie Luik,Arrondissement Verviers,Weismes,0.078
België,Waals Gewest,Provincie Henegouwen,Arrondissement Thuin,Sivry-Rance,0.078
België,Waals Gewest,Provincie Luxemburg,Arrondissement Marche-en-Famenne,Erezée,0.078
België,Vlaams Gewest,Provincie Antwerpen,Arrondissement Mechelen,Lier,0.078
België,Waals Gewest,Provincie Luik,Arrondissement Borgworm,Borgworm,0.078
België,Vlaams Gewest,Provincie Vlaams-Brabant,Arrondissement Halle-Vilvoorde,Meise,0.077
België,Vlaams Gewest,Provincie West-Vlaanderen,Arrondissement Kortrijk,Spiere-Helkijn,0.077
België,Waals Gewest,Provincie Henegouwen,Arrondissement Charleroi,Gerpinnes,0.077
België,Waals Gewest,Provincie Luxemburg,Arrondissement Neufchâteau,Bertrix,0.076
België,Vlaams Gewest,Provincie Vlaams-Brabant,Arrondissement Halle-Vilvoorde,Liedekerke,0.075
België,Waals Gewest,Provincie Luik,Arrondissement Luik,Sprimont,0.075
België,Waals Gewest,Provincie Luik,Arrondissement Verviers,Trois-Ponts,0.075
België,Vlaams Gewest,Provincie Vlaams-Brabant,Arrondissement Leuven,Tienen,0.075
België,Waals Gewest,Provincie Namen,Arrondissement Philippeville,Philippeville,0.074
België,Waals Gewest,Provincie Luik,Arrondissement Verviers,Herve,0.074
België,Waals Gewest,Provincie Luxemburg,Arrondissement Bastenaken,Vielsalm,0.073
België,Waals Gewest,Provincie Luik,Arrondissement Borgworm,Fexhe-le-Haut-Clocher,0.072
België,Vlaams Gewest,Provincie Limburg,Arrondissement Hasselt,Ham,0.072
België,Waals Gewest,Provincie Luik,Arrondissement Borgworm,Hannuit,0.072
België,Waals Gewest,Provincie Namen,Arrondissement Namen,Profondeville,0.072
België,Waals Gewest,Provincie Waals-Brabant,Arrondissement Nijvel,Perwijs (Nijvel),0.072
België,Waals Gewest,Provincie Henegouwen,Arrondissement Thuin,Estinnes,0.072
België,Waals Gewest,Provincie Waals-Brabant,Arrondissement Nijvel,Orp-Jauche,0.071
België,Vlaams Gewest,Provincie West-Vlaanderen,Arrondissement Ieper,Wervik,0.071
België,Vlaams Gewest,Provincie Limburg,Arrondissement Hasselt,Opglabbeek,0.071
België,Waals Gewest,Provincie Henegouwen,Arrondissement Charleroi,Les Bons Villers,0.071
België,Waals Gewest,Provincie Henegouwen,Arrondissement Doornik,Celles (Doornik),0.071
België,Waals Gewest,Provincie Luik,Arrondissement Verviers,Stavelot,0.071
België,Waals Gewest,Provincie Namen,Arrondissement Dinant,Rochefort,0.071
België,Vlaams Gewest,Provincie West-Vlaanderen,Arrondissement Veurne,Koksijde,0.07
België,Waals Gewest,Provincie Henegouwen,Arrondissement Doornik,Leuze-en-Hainaut,0.07
België,Waals Gewest,Provincie Henegouwen,Arrondissement Thuin,Thuin,0.07
België,Waals Gewest,Provincie Luik,Arrondissement Verviers,Pepinster,0.07
België,Waals Gewest,Provincie Waals-Brabant,Arrondissement Nijvel,Hélécine,0.07
België,Waals Gewest,Provincie Luik,Arrondissement Hoei,Wanze,0.07
België,Vlaams Gewest,Provincie West-Vlaanderen,Arrondissement Brugge,Brugge,0.07
België,Waals Gewest,Provincie Henegouwen,Arrondissement Zinnik,Lessen,0.07
België,Waals Gewest,Provincie Luik,Arrondissement Verviers,Olne,0.07
België,Vlaams Gewest,Provincie Oost-Vlaanderen,Arrondissement Sint-Niklaas,Stekene,0.07
België,Waals Gewest,Provincie Namen,Arrondissement Philippeville,Doische,0.069
België,Waals Gewest,Provincie Luik,Arrondissement Hoei,Villers-Le-Bouillet,0.069
België,Waals Gewest,Provincie Henegouwen,Arrondissement Thuin,Beaumont,0.069
België,Waals Gewest,Provincie Namen,Arrondissement Dinant,Somme-Leuze,0.069
België,Waals Gewest,Provincie Waals-Brabant,Arrondissement Nijvel,Walhain,0.068
België,Vlaams Gewest,Provincie Antwerpen,Arrondissement Antwerpen,Hemiksem,0.068
België,Vlaams Gewest,Provincie Antwerpen,Arrondissement Antwerpen,Zwijndrecht,0.068
België,Waals Gewest,Provincie Namen,Arrondissement Namen,Sombreffe,0.068
België,Waals Gewest,Provincie Luxemburg,Arrondissement Neufchâteau,Herbeumont,0.068
België,Vlaams Gewest,Provincie Oost-Vlaanderen,Arrondissement Gent,Wachtebeke,0.068
België,Waals Gewest,Provincie Henegouwen,Arrondissement Charleroi,Pont-à-Celles,0.068
België,Vlaams Gewest,Provincie Limburg,Arrondissement Maaseik,Meeuwen-Gruitrode,0.068
België,Vlaams Gewest,Provincie Antwerpen,Arrondissement Turnhout,Geel,0.067
België,Vlaams Gewest,Provincie Limburg,Arrondissement Maaseik,Peer,0.067
België,Waals Gewest,Provincie Luik,Arrondissement Hoei,Hamoir,0.067
België,Vlaams Gewest,Provincie Oost-Vlaanderen,Arrondissement Sint-Niklaas,Sint-Gillis-Waas,0.067
België,Waals Gewest,Provincie Luik,Arrondissement Hoei,Nandrin,0.067
België,Vlaams Gewest,Provincie Oost-Vlaanderen,Arrondissement Eeklo,Sint-Laureins,0.067
België,Waals Gewest,Provincie Henegouwen,Arrondissement Zinnik,Ecaussinnes,0.067
België,Waals Gewest,Provincie Luik,Arrondissement Hoei,Marchin,0.067
België,Waals Gewest,Provincie Luxemburg,Arrondissement Marche-en-Famenne,Tenneville,0.067
België,Vlaams Gewest,Provincie Antwerpen,Arrondissement Antwerpen,Wommelgem,0.066
België,Waals Gewest,Provincie Luxemburg,Arrondissement Neufchâteau,Paliseul,0.066
België,Vlaams Gewest,Provincie Antwerpen,Arrondissement Antwerpen,Brecht,0.066
België,Vlaams Gewest,Provincie Antwerpen,Arrondissement Turnhout,Vosselaar,0.066
België,Vlaams Gewest,Provincie Limburg,Arrondissement Hasselt,Zonhoven,0.066
België,Vlaams Gewest,Provincie West-Vlaanderen,Arrondissement Brugge,Blankenberge,0.066
België,Vlaams Gewest,Provincie Vlaams-Brabant,Arrondissement Leuven,Herent,0.065
België,Waals Gewest,Provincie Namen,Arrondissement Namen,Assesse,0.065
België,Waals Gewest,Provincie Luik,Arrondissement Verviers,Lierneux,0.065
België,Vlaams Gewest,Provincie West-Vlaanderen,Arrondissement Veurne,Nieuwpoort,0.064
België,Waals Gewest,Provincie Luik,Arrondissement Hoei,Tinlot,0.064
België,Vlaams Gewest,Provincie Antwerpen,Arrondissement Turnhout,Rijkevorsel,0.064
België,Waals Gewest,Provincie Luik,Arrondissement Hoei,Anthisnes,0.064
België,Vlaams Gewest,Provincie Oost-Vlaanderen,Arrondissement Gent,Sint-Martens-Latem,0.064
België,Vlaams Gewest,Provincie Vlaams-Brabant,Arrondissement Leuven,Oud-Heverlee,0.063
België,Vlaams Gewest,Provincie Oost-Vlaanderen,Arrondissement Eeklo,Eeklo,0.063
België,Waals Gewest,Provincie Henegouwen,Arrondissement Aat,Aat,0.063
België,Waals Gewest,Provincie Luxemburg,Arrondissement Bastenaken,Sainte-Ode,0.063
België,Vlaams Gewest,Provincie Antwerpen,Arrondissement Antwerpen,Wijnegem,0.063
België,Waals Gewest,Provincie Namen,Arrondissement Dinant,Gedinne,0.062
België,Vlaams Gewest,Provincie Antwerpen,Arrondissement Antwerpen,Aartselaar,0.062
België,Waals Gewest,Provincie Luik,Arrondissement Borgworm,Crisnée,0.062
België,Waals Gewest,Provincie Luxemburg,Arrondissement Marche-en-Famenne,Nassogne,0.062
België,Waals Gewest,Provincie Henegouwen,Arrondissement Thuin,Ham-sur-Heure-Nalinnes,0.062
België,Vlaams Gewest,Provincie Antwerpen,Arrondissement Turnhout,Herentals,0.062
België,Vlaams Gewest,Provincie West-Vlaanderen,Arrondissement Roeselare,Roeselare,0.062
België,Vlaams Gewest,Provincie Antwerpen,Arrondissement Turnhout,Beerse,0.062
België,Vlaams Gewest,Provincie Antwerpen,Arrondissement Antwerpen,Kontich,0.061
België,Vlaams Gewest,Provincie Antwerpen,Arrondissement Turnhout,Dessel,0.061
België,Vlaams Gewest,Provincie Limburg,Arrondissement Tongeren,Borgloon,0.061
België,Waals Gewest,Provincie Henegouwen,Arrondissement Zinnik,Opzullik,0.061
België,Waals Gewest,Provincie Luik,Arrondissement Hoei,Burdinne,0.061
België,Waals Gewest,Provincie Luik,Arrondissement Hoei,Modave,0.061
België,Vlaams Gewest,Provincie Antwerpen,Arrondissement Antwerpen,Stabroek,0.061
België,Waals Gewest,Provincie Namen,Arrondissement Namen,Jemeppe-sur-Sambre,0.061
België,Waals Gewest,Provincie Henegouwen,Arrondissement Thuin,Froidchapelle,0.061
België,Waals Gewest,Provincie Luxemburg,Arrondissement Neufchâteau,Libin,0.06
België,Vlaams Gewest,Provincie Antwerpen,Arrondissement Turnhout,Balen,0.06
België,Waals Gewest,Provincie Namen,Arrondissement Dinant,Bièvre,0.06
België,Waals Gewest,Provincie Namen,Arrondissement Dinant,Anhée,0.06
België,Waals Gewest,Provincie Luik,Arrondissement Borgworm,Oerle,0.06
België,Waals Gewest,Provincie Luik,Arrondissement Borgworm,Faimes,0.06
België,Waals Gewest,Provincie Luxemburg,Arrondissement Neufchâteau,Daverdisse,0.06
België,Vlaams Gewest,Provincie West-Vlaanderen,Arrondissement Kortrijk,Kuurne,0.06
België,Waals Gewest,Provincie Luik,Arrondissement Borgworm,Berloz,0.06
België,Vlaams Gewest,Provincie West-Vlaanderen,Arrondissement Oostende,De Haan,0.059
België,Waals Gewest,Provincie Waals-Brabant,Arrondissement Nijvel,Ramillies,0.059
België,Vlaams Gewest,Provincie Oost-Vlaanderen,Arrondissement Dendermonde,Hamme (Dendermonde),0.059
België,Waals Gewest,Provincie Namen,Arrondissement Dinant,Ciney,0.059
België,Vlaams Gewest,Provincie Limburg,Arrondissement Tongeren,Herstappe,0.059
België,Waals Gewest,Provincie Namen,Arrondissement Philippeville,Walcourt,0.059
België,Vlaams Gewest,Provincie Oost-Vlaanderen,Arrondissement Aalst,Ninove,0.059
België,Waals Gewest,Provincie Luxemburg,Arrondissement Neufchâteau,Saint-Hubert,0.059
België,Waals Gewest,Provincie Henegouwen,Arrondissement Thuin,Lobbes,0.059
België,Waals Gewest,Provincie Namen,Arrondissement Namen,Floreffe,0.059
België,Waals Gewest,Provincie Luik,Arrondissement Borgworm,Lijsem,0.058
België,Waals Gewest,Provincie Henegouwen,Arrondissement Aat,Frasnes-lez-Anvaing,0.058
België,Vlaams Gewest,Provincie Vlaams-Brabant,Arrondissement Halle-Vilvoorde,Merchtem,0.058
België,Vlaams Gewest,Provincie West-Vlaanderen,Arrondissement Oostende,Bredene,0.058
België,Vlaams Gewest,Provincie Oost-Vlaanderen,Arrondissement Aalst,Geraardsbergen,0.058
België,Vlaams Gewest,Provincie Oost-Vlaanderen,Arrondissement Dendermonde,Wetteren,0.058
België,Waals Gewest,Provincie Luik,Arrondissement Borgworm,Remicourt,0.058
België,Waals Gewest,Provincie Luxemburg,Arrondissement Neufchâteau,Tellin,0.058
België,Waals Gewest,Provincie Luik,Arrondissement Verviers,Theux,0.058
België,Vlaams Gewest,Provincie Antwerpen,Arrondissement Antwerpen,Niel,0.058
België,Vlaams Gewest,Provincie Antwerpen,Arrondissement Antwerpen,Zoersel,0.058
België,Waals Gewest,Provincie Luik,Arrondissement Borgworm,Braives,0.057
België,Waals Gewest,Provincie Henegouwen,Arrondissement Aat,Vloesberg,0.057
België,Waals Gewest,Provincie Luik,Arrondissement Borgworm,Geer,0.057
België,Vlaams Gewest,Provincie Vlaams-Brabant,Arrondissement Leuven,Landen,0.057
België,Vlaams Gewest,Provincie Vlaams-Brabant,Arrondissement Leuven,Hoegaarden,0.056
België,Waals Gewest,Provincie Henegouwen,Arrondissement Doornik,Mont-de-l’Enclus,0.056
België,Vlaams Gewest,Provincie West-Vlaanderen,Arrondissement Ieper,Ieper,0.056
België,Waals Gewest,Provincie Namen,Arrondissement Dinant,Houyet,0.056
België,Vlaams Gewest,Provincie Limburg,Arrondissement Hasselt,Tessenderlo,0.055
België,Vlaams Gewest,Provincie Limburg,Arrondissement Tongeren,Heers,0.055
België,Waals Gewest,Provincie Namen,Arrondissement Namen,Gesves,0.055
België,Waals Gewest,Provincie Namen,Arrondissement Namen,Fosses-la-Ville,0.054
België,Waals Gewest,Provincie Luxemburg,Arrondissement Neufchâteau,Wellin,0.054
België,Waals Gewest,Provincie Namen,Arrondissement Dinant,Onhaye,0.054
België,Vlaams Gewest,Provincie Oost-Vlaanderen,Arrondissement Gent,Destelbergen,0.054
België,Vlaams Gewest,Provincie Limburg,Arrondissement Hasselt,Diepenbeek,0.054
België,Vlaams Gewest,Provincie Antwerpen,Arrondissement Antwerpen,Lint,0.054
België,Waals Gewest,Provincie Luik,Arrondissement Hoei,Verlaine,0.054
België,Vlaams Gewest,Provincie Oost-Vlaanderen,Arrondissement Gent,Moerbeke (Gent),0.054
België,Vlaams Gewest,Provincie Antwerpen,Arrondissement Mechelen,Sint-Amands,0.053
België,Vlaams Gewest,Provincie Oost-Vlaanderen,Arrondissement Dendermonde,Dendermonde,0.053
België,Waals Gewest,Provincie Luik,Arrondissement Borgworm,Wasseiges,0.053
België,Vlaams Gewest,Provincie West-Vlaanderen,Arrondissement Oostende,Middelkerke,0.053
België,Waals Gewest,Provincie Henegouwen,Arrondissement Aat,Chièvres,0.053
België,Waals Gewest,Provincie Luxemburg,Arrondissement Bastenaken,Vaux-sur-Sûre,0.053
België,Vlaams Gewest,Provincie Limburg,Arrondissement Hasselt,Halen,0.053
België,Waals Gewest,Provincie Luik,Arrondissement Hoei,Héron,0.053
België,Waals Gewest,Provincie Luik,Arrondissement Hoei,Ferrières,0.052
België,Vlaams Gewest,Provincie Antwerpen,Arrondissement Mechelen,Sint-Katelijne-Waver,0.052
België,Waals Gewest,Provincie Luik,Arrondissement Hoei,Clavier,0.052
België,Vlaams Gewest,Provincie Antwerpen,Arrondissement Antwerpen,Ranst,0.052
België,Waals Gewest,Provincie Luik,Arrondissement Hoei,Ouffet,0.052
België,Waals Gewest,Provincie Luik,Arrondissement Verviers,Jalhay,0.052
België,Waals Gewest,Provincie Namen,Arrondissement Namen,Eghezée,0.052
België,Vlaams Gewest,Provincie Antwerpen,Arrondissement Antwerpen,Malle,0.052
België,Waals Gewest,Provincie Luik,Arrondissement Borgworm,Donceel,0.052
België,Waals Gewest,Provincie Namen,Arrondissement Namen,Ohey,0.052
België,Vlaams Gewest,Provincie Vlaams-Brabant,Arrondissement Leuven,Tremelo,0.051
België,Vlaams Gewest,Provincie Oost-Vlaanderen,Arrondissement Sint-Niklaas,Kruibeke,0.051
België,Waals Gewest,Provincie Namen,Arrondissement Philippeville,Cerfontaine,0.051
België,Vlaams Gewest,Provincie Vlaams-Brabant,Arrondissement Halle-Vilvoorde,Affligem,0.051
België,Vlaams Gewest,Provincie Oost-Vlaanderen,Arrondissement Sint-Niklaas,Beveren (Sint-Niklaas),0.051
België,Vlaams Gewest,Provincie West-Vlaanderen,Arrondissement Kortrijk,Waregem,0.051
België,Vlaams Gewest,Provincie Vlaams-Brabant,Arrondissement Halle-Vilvoorde,Kampenhout,0.051
België,Vlaams Gewest,Provincie Oost-Vlaanderen,Arrondissement Eeklo,Maldegem,0.051
België,Waals Gewest,Provincie Luik,Arrondissement Verviers,Thimister-Clermont,0.05
België,Vlaams Gewest,Provincie Oost-Vlaanderen,Arrondissement Eeklo,Assenede,0.05
België,Waals Gewest,Provincie Henegouwen,Arrondissement Aat,Elzele,0.05
België,Waals Gewest,Provincie Namen,Arrondissement Namen,La Bruyère,0.05
België,Waals Gewest,Provincie Namen,Arrondissement Namen,Mettet,0.05
België,Vlaams Gewest,Provincie West-Vlaanderen,Arrondissement Kortrijk,Harelbeke,0.05
België,Vlaams Gewest,Provincie Oost-Vlaanderen,Arrondissement Dendermonde,Waasmunster,0.05
België,Vlaams Gewest,Provincie Vlaams-Brabant,Arrondissement Halle-Vilvoorde,Ternat,0.05
België,Vlaams Gewest,Provincie Vlaams-Brabant,Arrondissement Leuven,Boortmeerbeek,0.049
België,Waals Gewest,Provincie Namen,Arrondissement Namen,Fernelmont,0.049
België,Vlaams Gewest,Provincie West-Vlaanderen,Arrondissement Tielt,Tielt (Tielt),0.049
België,Vlaams Gewest,Provincie Antwerpen,Arrondissement Antwerpen,Boechout,0.049
België,Vlaams Gewest,Provincie Vlaams-Brabant,Arrondissement Halle-Vilvoorde,Bever,0.049
België,Waals Gewest,Provincie Namen,Arrondissement Dinant,Havelange,0.049
België,Vlaams Gewest,Provincie Limburg,Arrondissement Tongeren,Hoeselt,0.049
België,Vlaams Gewest,Provincie Vlaams-Brabant,Arrondissement Leuven,Bierbeek,0.049
België,Vlaams Gewest,Provincie Limburg,Arrondissement Hasselt,Gingelom,0.049
België,Vlaams Gewest,Provincie Limburg,Arrondissement Hasselt,Lummen,0.048
België,Vlaams Gewest,Provincie Limburg,Arrondissement Tongeren,Kortessem,0.048
België,Vlaams Gewest,Provincie Antwerpen,Arrondissement Antwerpen,Rumst,0.047
België,Vlaams Gewest,Provincie Antwerpen,Arrondissement Mechelen,Duffel,0.047
België,Vlaams Gewest,Provincie Antwerpen,Arrondissement Turnhout,Kasterlee,0.047
België,Vlaams Gewest,Provincie Antwerpen,Arrondissement Mechelen,Bonheiden,0.047
België,Vlaams Gewest,Provincie Limburg,Arrondissement Tongeren,Alken,0.047
België,Vlaams Gewest,Provincie Oost-Vlaanderen,Arrondissement Oudenaarde,Oudenaarde,0.047
België,Vlaams Gewest,Provincie Vlaams-Brabant,Arrondissement Halle-Vilvoorde,Zemst,0.047
België,Vlaams Gewest,Provincie Antwerpen,Arrondissement Antwerpen,Hove (Antwerpen),0.046
België,Vlaams Gewest,Provincie Oost-Vlaanderen,Arrondissement Gent,Deinze,0.046
België,Vlaams Gewest,Provincie Oost-Vlaanderen,Arrondissement Gent,Melle,0.046
België,Vlaams Gewest,Provincie Vlaams-Brabant,Arrondissement Halle-Vilvoorde,Lennik,0.045
België,Vlaams Gewest,Provincie Oost-Vlaanderen,Arrondissement Gent,Merelbeke,0.044
België,Vlaams Gewest,Provincie Oost-Vlaanderen,Arrondissement Dendermonde,Lebbeke,0.044
België,Vlaams Gewest,Provincie Vlaams-Brabant,Arrondissement Leuven,Rotselaar,0.044
België,Vlaams Gewest,Provincie Vlaams-Brabant,Arrondissement Leuven,Lubbeek,0.043
België,Vlaams Gewest,Provincie Antwerpen,Arrondissement Turnhout,Grobbendonk,0.043
België,Vlaams Gewest,Provincie Vlaams-Brabant,Arrondissement Halle-Vilvoorde,Londerzeel,0.042
België,Vlaams Gewest,Provincie Vlaams-Brabant,Arrondissement Leuven,Aarschot,0.042
België,Vlaams Gewest,Provincie West-Vlaanderen,Arrondissement Roeselare,Ingelmunster,0.042
België,Vlaams Gewest,Provincie Oost-Vlaanderen,Arrondissement Gent,Lovendegem,0.042
België,Vlaams Gewest,Provincie Limburg,Arrondissement Hasselt,Herk-de-Stad,0.042
België,Vlaams Gewest,Provincie Oost-Vlaanderen,Arrondissement Gent,De Pinte,0.041
België,Waals Gewest,Provincie Luxemburg,Arrondissement Bastenaken,Bertogne,0.041
België,Vlaams Gewest,Provincie Antwerpen,Arrondissement Turnhout,Westerlo,0.041
België,Vlaams Gewest,Provincie Vlaams-Brabant,Arrondissement Leuven,Boutersem,0.041
België,Vlaams Gewest,Provincie Vlaams-Brabant,Arrondissement Leuven,Zoutleeuw,0.041
België,Vlaams Gewest,Provincie West-Vlaanderen,Arrondissement Veurne,Veurne,0.041
België,Vlaams Gewest,Provincie West-Vlaanderen,Arrondissement Ieper,Langemark-Poelkapelle,0.041
België,Vlaams Gewest,Provincie Vlaams-Brabant,Arrondissement Halle-Vilvoorde,Opwijk,0.041
België,Vlaams Gewest,Provincie Vlaams-Brabant,Arrondissement Leuven,Holsbeek,0.04
België,Vlaams Gewest,Provincie Vlaams-Brabant,Arrondissement Halle-Vilvoorde,Roosdaal,0.039
België,Vlaams Gewest,Provincie Vlaams-Brabant,Arrondissement Leuven,Scherpenheuvel-Zichem,0.039
België,Vlaams Gewest,Provincie West-Vlaanderen,Arrondissement Tielt,Wielsbeke,0.039
België,Vlaams Gewest,Provincie Antwerpen,Arrondissement Mechelen,Bornem,0.039
België,Vlaams Gewest,Provincie Vlaams-Brabant,Arrondissement Halle-Vilvoorde,Kapelle-op-den-Bos,0.039
België,Vlaams Gewest,Provincie West-Vlaanderen,Arrondissement Tielt,Meulebeke,0.038
België,Vlaams Gewest,Provincie West-Vlaanderen,Arrondissement Ieper,Poperinge,0.038
België,Vlaams Gewest,Provincie Antwerpen,Arrondissement Turnhout,Laakdal,0.038
België,Vlaams Gewest,Provincie Antwerpen,Arrondissement Antwerpen,Schelle,0.038
België,Vlaams Gewest,Provincie Antwerpen,Arrondissement Turnhout,Meerhout,0.038
België,Vlaams Gewest,Provincie Limburg,Arrondissement Hasselt,Nieuwerkerken (Hasselt),0.038
België,Vlaams Gewest,Provincie Antwerpen,Arrondissement Mechelen,Berlaar,0.037
België,Vlaams Gewest,Provincie Antwerpen,Arrondissement Turnhout,Herenthout,0.037
België,Vlaams Gewest,Provincie Vlaams-Brabant,Arrondissement Leuven,Haacht,0.037
België,Vlaams Gewest,Provincie Antwerpen,Arrondissement Mechelen,Puurs,0.037
België,Vlaams Gewest,Provincie West-Vlaanderen,Arrondissement Kortrijk,Wevelgem,0.037
België,Vlaams Gewest,Provincie West-Vlaanderen,Arrondissement Oostende,Gistel,0.037
België,Vlaams Gewest,Provincie Vlaams-Brabant,Arrondissement Halle-Vilvoorde,Herne,0.036
België,Vlaams Gewest,Provincie Oost-Vlaanderen,Arrondissement Gent,Evergem,0.036
België,Vlaams Gewest,Provincie Antwerpen,Arrondissement Antwerpen,Zandhoven,0.036
België,Vlaams Gewest,Provincie West-Vlaanderen,Arrondissement Roeselare,Izegem,0.036
België,Vlaams Gewest,Provincie Antwerpen,Arrondissement Turnhout,Herselt,0.036
België,Vlaams Gewest,Provincie Limburg,Arrondissement Tongeren,Wellen,0.036
België,Vlaams Gewest,Provincie Antwerpen,Arrondissement Turnhout,Lille,0.036
België,Vlaams Gewest,Provincie Antwerpen,Arrondissement Turnhout,Olen,0.036
België,Vlaams Gewest,Provincie Oost-Vlaanderen,Arrondissement Eeklo,Kaprijke,0.035
België,Vlaams Gewest,Provincie Antwerpen,Arrondissement Turnhout,Hulshout,0.035
België,Vlaams Gewest,Provincie West-Vlaanderen,Arrondissement Kortrijk,Avelgem,0.035
België,Vlaams Gewest,Provincie Antwerpen,Arrondissement Mechelen,Putte,0.035
België,Vlaams Gewest,Provincie West-Vlaanderen,Arrondissement Brugge,Damme,0.035
België,Vlaams Gewest,Provincie Oost-Vlaanderen,Arrondissement Gent,Nazareth,0.034
België,Vlaams Gewest,Provincie Vlaams-Brabant,Arrondissement Leuven,Geetbets,0.034
België,Vlaams Gewest,Provincie West-Vlaanderen,Arrondissement Tielt,Pittem,0.034
België,Vlaams Gewest,Provincie Oost-Vlaanderen,Arrondissement Gent,Waarschoot,0.033
België,Vlaams Gewest,Provincie Oost-Vlaanderen,Arrondissement Gent,Lochristi,0.033
België,Vlaams Gewest,Provincie West-Vlaanderen,Arrondissement Diksmuide,Diksmuide,0.033
België,Vlaams Gewest,Provincie Oost-Vlaanderen,Arrondissement Gent,Aalter,0.032
België,Vlaams Gewest,Provincie West-Vlaanderen,Arrondissement Tielt,Ardooie,0.032
België,Vlaams Gewest,Provincie Antwerpen,Arrondissement Mechelen,Heist-op-den-Berg,0.032
België,Vlaams Gewest,Provincie West-Vlaanderen,Arrondissement Tielt,Ruiselede,0.032
België,Vlaams Gewest,Provincie Oost-Vlaanderen,Arrondissement Aalst,Erpe-Mere,0.032
België,Vlaams Gewest,Provincie Oost-Vlaanderen,Arrondissement Dendermonde,Buggenhout,0.032
België,Vlaams Gewest,Provincie West-Vlaanderen,Arrondissement Brugge,Torhout,0.032
België,Vlaams Gewest,Provincie Oost-Vlaanderen,Arrondissement Dendermonde,Wichelen,0.031
België,Vlaams Gewest,Provincie West-Vlaanderen,Arrondissement Veurne,Alveringem,0.031
België,Vlaams Gewest,Provincie Vlaams-Brabant,Arrondissement Halle-Vilvoorde,Gooik,0.031
België,Vlaams Gewest,Provincie Vlaams-Brabant,Arrondissement Leuven,Linter,0.031
België,Vlaams Gewest,Provincie West-Vlaanderen,Arrondissement Brugge,Zuienkerke,0.031
België,Vlaams Gewest,Provincie West-Vlaanderen,Arrondissement Oostende,Oudenburg,0.031
België,Vlaams Gewest,Provincie West-Vlaanderen,Arrondissement Kortrijk,Zwevegem,0.03
België,Vlaams Gewest,Provincie West-Vlaanderen,Arrondissement Tielt,Wingene,0.03
België,Vlaams Gewest,Provincie West-Vlaanderen,Arrondissement Brugge,Oostkamp,0.03
België,Vlaams Gewest,Provincie Oost-Vlaanderen,Arrondissement Aalst,Haaltert,0.03
België,Vlaams Gewest,Provincie Vlaams-Brabant,Arrondissement Leuven,Bekkevoort,0.029
België,Vlaams Gewest,Provincie Oost-Vlaanderen,Arrondissement Oudenaarde,Kluisbergen,0.029
België,Vlaams Gewest,Provincie West-Vlaanderen,Arrondissement Kortrijk,Deerlijk,0.029
België,Vlaams Gewest,Provincie Antwerpen,Arrondissement Turnhout,Vorselaar,0.029
België,Vlaams Gewest,Provincie Oost-Vlaanderen,Arrondissement Gent,Nevele,0.029
België,Vlaams Gewest,Provincie Vlaams-Brabant,Arrondissement Leuven,Kortenaken,0.029
België,Vlaams Gewest,Provincie West-Vlaanderen,Arrondissement Brugge,Jabbeke,0.029
België,Vlaams Gewest,Provincie Oost-Vlaanderen,Arrondissement Gent,Knesselare,0.029
België,Vlaams Gewest,Provincie Vlaams-Brabant,Arrondissement Leuven,Begijnendijk,0.029
België,Vlaams Gewest,Provincie Vlaams-Brabant,Arrondissement Leuven,Tielt-Winge,0.029
België,Vlaams Gewest,Provincie West-Vlaanderen,Arrondissement Tielt,Oostrozebeke,0.029
België,Vlaams Gewest,Provincie Oost-Vlaanderen,Arrondissement Dendermonde,Berlare,0.029
België,Vlaams Gewest,Provincie Antwerpen,Arrondissement Mechelen,Nijlen,0.028
België,Vlaams Gewest,Provincie West-Vlaanderen,Arrondissement Diksmuide,Lo-Reninge,0.028
België,Vlaams Gewest,Provincie West-Vlaanderen,Arrondissement Roeselare,Moorslede,0.028
België,Vlaams Gewest,Provincie Oost-Vlaanderen,Arrondissement Gent,Zulte,0.028
België,Vlaams Gewest,Provincie West-Vlaanderen,Arrondissement Diksmuide,Houthulst,0.028
België,Vlaams Gewest,Provincie West-Vlaanderen,Arrondissement Roeselare,Hooglede,0.028
België,Vlaams Gewest,Provincie West-Vlaanderen,Arrondissement Ieper,Zonnebeke,0.028
België,Vlaams Gewest,Provincie West-Vlaanderen,Arrondissement Tielt,Dentergem,0.028
België,Vlaams Gewest,Provincie West-Vlaanderen,Arrondissement Brugge,Zedelgem,0.027
België,Vlaams Gewest,Provincie West-Vlaanderen,Arrondissement Ieper,Vleteren,0.027
België,Vlaams Gewest,Provincie Oost-Vlaanderen,Arrondissement Aalst,Lede,0.027
België,Vlaams Gewest,Provincie West-Vlaanderen,Arrondissement Roeselare,Ledegem,0.027
België,Vlaams Gewest,Provincie Vlaams-Brabant,Arrondissement Halle-Vilvoorde,Pepingen,0.027
België,Vlaams Gewest,Provincie Oost-Vlaanderen,Arrondissement Aalst,Zottegem,0.027
België,Vlaams Gewest,Provincie Vlaams-Brabant,Arrondissement Leuven,Glabbeek,0.026
België,Vlaams Gewest,Provincie Oost-Vlaanderen,Arrondissement Dendermonde,Laarne,0.026
België,Vlaams Gewest,Provincie West-Vlaanderen,Arrondissement Roeselare,Lichtervelde,0.026
België,Vlaams Gewest,Provincie Oost-Vlaanderen,Arrondissement Oudenaarde,Horebeke,0.026
België,Vlaams Gewest,Provincie Oost-Vlaanderen,Arrondissement Oudenaarde,Brakel,0.026
België,Vlaams Gewest,Provincie Vlaams-Brabant,Arrondissement Halle-Vilvoorde,Galmaarden,0.026
België,Vlaams Gewest,Provincie Oost-Vlaanderen,Arrondissement Gent,Gavere,0.026
België,Vlaams Gewest,Provincie Oost-Vlaanderen,Arrondissement Gent,Zomergem,0.025
België,Vlaams Gewest,Provincie Oost-Vlaanderen,Arrondissement Aalst,Herzele,0.025
België,Vlaams Gewest,Provincie West-Vlaanderen,Arrondissement Brugge,Beernem,0.024
België,Vlaams Gewest,Provincie West-Vlaanderen,Arrondissement Roeselare,Staden,0.024
België,Vlaams Gewest,Provincie Oost-Vlaanderen,Arrondissement Aalst,Sint-Lievens-Houtem,0.024
België,Vlaams Gewest,Provincie Oost-Vlaanderen,Arrondissement Oudenaarde,Wortegem-Petegem,0.024
België,Vlaams Gewest,Provincie Oost-Vlaanderen,Arrondissement Oudenaarde,Kruishoutem,0.024
België,Vlaams Gewest,Provincie West-Vlaanderen,Arrondissement Oostende,Ichtegem,0.024
België,Vlaams Gewest,Provincie Oost-Vlaanderen,Arrondissement Gent,Oosterzele,0.023
België,Vlaams Gewest,Provincie Oost-Vlaanderen,Arrondissement Oudenaarde,Maarkedal,0.023
België,Vlaams Gewest,Provincie West-Vlaanderen,Arrondissement Kortrijk,Lendelede,0.023
België,Vlaams Gewest,Provincie West-Vlaanderen,Arrondissement Diksmuide,Koekelare,0.023
België,Vlaams Gewest,Provincie Oost-Vlaanderen,Arrondissement Oudenaarde,Zingem,0.022
België,Vlaams Gewest,Provincie Oost-Vlaanderen,Arrondissement Oudenaarde,Lierde,0.022
België,Vlaams Gewest,Provincie West-Vlaanderen,Arrondissement Diksmuide,Kortemark,0.021
België,Vlaams Gewest,Provincie Oost-Vlaanderen,Arrondissement Oudenaarde,Zwalm,0.02
België,Vlaams Gewest,Provincie West-Vlaanderen,Arrondissement Kortrijk,Anzegem,0.017
België,,,,,0.148
