België,Gewest,Provincie,Arrondissement,Gemeente,Aantal woningen
België,Vlaams Gewest,Provincie Antwerpen,Arrondissement Antwerpen,Antwerpen,213778
België,Vlaams Gewest,Provincie Oost-Vlaanderen,Arrondissement Gent,Gent,111016
België,Waals Gewest,Provincie Henegouwen,Arrondissement Charleroi,Charleroi,89215
België,Waals Gewest,Provincie Luik,Arrondissement Luik,Luik,88275
België,Brussels Hoofdstedelijk Gewest,,Arrondissement Brussel-Hoofdstad,Brussel,71801
België,Vlaams Gewest,Provincie West-Vlaanderen,Arrondissement Brugge,Brugge,51183
België,Brussels Hoofdstedelijk Gewest,,Arrondissement Brussel-Hoofdstad,Schaarbeek,46501
België,Waals Gewest,Provincie Namen,Arrondissement Namen,Namen,45479
België,Vlaams Gewest,Provincie Vlaams-Brabant,Arrondissement Leuven,Leuven,43933
België,Brussels Hoofdstedelijk Gewest,,Arrondissement Brussel-Hoofdstad,Elsene,42030
België,Waals Gewest,Provincie Henegouwen,Arrondissement Bergen,Bergen,41750
België,Brussels Hoofdstedelijk Gewest,,Arrondissement Brussel-Hoofdstad,Anderlecht,41264
België,Vlaams Gewest,Provincie Oost-Vlaanderen,Arrondissement Aalst,Aalst (Aalst),35461
België,Brussels Hoofdstedelijk Gewest,,Arrondissement Brussel-Hoofdstad,Ukkel,34366
België,Vlaams Gewest,Provincie Antwerpen,Arrondissement Mechelen,Mechelen,34223
België,Vlaams Gewest,Provincie West-Vlaanderen,Arrondissement Oostende,Oostende,34047
België,Brussels Hoofdstedelijk Gewest,,Arrondissement Brussel-Hoofdstad,Sint-Jans-Molenbeek,33172
België,Vlaams Gewest,Provincie Limburg,Arrondissement Hasselt,Hasselt,32592
België,Waals Gewest,Provincie Henegouwen,Arrondissement Zinnik,La Louvière,32442
België,Vlaams Gewest,Provincie West-Vlaanderen,Arrondissement Kortrijk,Kortrijk,31847
België,Waals Gewest,Provincie Henegouwen,Arrondissement Doornik,Doornik,30238
België,Vlaams Gewest,Provincie Oost-Vlaanderen,Arrondissement Sint-Niklaas,Sint-Niklaas (Sint-Niklaas),30100
België,Waals Gewest,Provincie Luik,Arrondissement Luik,Seraing,27980
België,Brussels Hoofdstedelijk Gewest,,Arrondissement Brussel-Hoofdstad,Sint-Lambrechts-Woluwe,24915
België,Vlaams Gewest,Provincie West-Vlaanderen,Arrondissement Roeselare,Roeselare,24351
België,Vlaams Gewest,Provincie Limburg,Arrondissement Hasselt,Genk,24259
België,Waals Gewest,Provincie Luik,Arrondissement Verviers,Verviers,23113
België,Waals Gewest,Provincie Henegouwen,Arrondissement Moeskroen,Moeskroen,23074
België,Brussels Hoofdstedelijk Gewest,,Arrondissement Brussel-Hoofdstad,Vorst (Brussel-Hoofdstad),22901
België,Brussels Hoofdstedelijk Gewest,,Arrondissement Brussel-Hoofdstad,Sint-Gillis,22341
België,Brussels Hoofdstedelijk Gewest,,Arrondissement Brussel-Hoofdstad,Etterbeek,21061
België,Brussels Hoofdstedelijk Gewest,,Arrondissement Brussel-Hoofdstad,Jette,20652
België,Vlaams Gewest,Provincie Oost-Vlaanderen,Arrondissement Dendermonde,Dendermonde,18934
België,Vlaams Gewest,Provincie Oost-Vlaanderen,Arrondissement Sint-Niklaas,Beveren (Sint-Niklaas),18924
België,Vlaams Gewest,Provincie Antwerpen,Arrondissement Turnhout,Turnhout,17925
België,Brussels Hoofdstedelijk Gewest,,Arrondissement Brussel-Hoofdstad,Sint-Pieters-Woluwe,17151
België,Vlaams Gewest,Provincie Limburg,Arrondissement Hasselt,Sint-Truiden,16557
België,Vlaams Gewest,Provincie Antwerpen,Arrondissement Mechelen,Heist-op-den-Berg,16543
België,Vlaams Gewest,Provincie West-Vlaanderen,Arrondissement Brugge,Knokke-Heist,16430
België,Vlaams Gewest,Provincie Limburg,Arrondissement Hasselt,Beringen,16321
België,Vlaams Gewest,Provincie Vlaams-Brabant,Arrondissement Halle-Vilvoorde,Dilbeek,15840
België,Vlaams Gewest,Provincie Oost-Vlaanderen,Arrondissement Sint-Niklaas,Lokeren,15730
België,Waals Gewest,Provincie Luik,Arrondissement Luik,Herstal,15614
België,Waals Gewest,Provincie Henegouwen,Arrondissement Charleroi,Châtelet,15490
België,Brussels Hoofdstedelijk Gewest,,Arrondissement Brussel-Hoofdstad,Evere,15457
België,Vlaams Gewest,Provincie Vlaams-Brabant,Arrondissement Halle-Vilvoorde,Vilvoorde,15456
België,Vlaams Gewest,Provincie Antwerpen,Arrondissement Turnhout,Geel,15392
België,Vlaams Gewest,Provincie Oost-Vlaanderen,Arrondissement Aalst,Ninove,15366
België,Waals Gewest,Provincie Waals-Brabant,Arrondissement Nijvel,Eigenbrakel,15265
België,Vlaams Gewest,Provincie Antwerpen,Arrondissement Antwerpen,Brasschaat,15082
België,Vlaams Gewest,Provincie Vlaams-Brabant,Arrondissement Halle-Vilvoorde,Halle (Halle-Vilvoorde),14914
België,Vlaams Gewest,Provincie West-Vlaanderen,Arrondissement Kortrijk,Waregem,14808
België,Vlaams Gewest,Provincie Antwerpen,Arrondissement Mechelen,Lier,14676
België,Vlaams Gewest,Provincie Vlaams-Brabant,Arrondissement Halle-Vilvoorde,Grimbergen,14565
België,Vlaams Gewest,Provincie West-Vlaanderen,Arrondissement Ieper,Ieper,14499
België,Vlaams Gewest,Provincie Antwerpen,Arrondissement Turnhout,Mol,14333
België,Vlaams Gewest,Provincie Limburg,Arrondissement Tongeren,Maasmechelen,14238
België,Vlaams Gewest,Provincie Vlaams-Brabant,Arrondissement Leuven,Tienen,14114
België,Waals Gewest,Provincie Henegouwen,Arrondissement Thuin,Binche,13966
België,Brussels Hoofdstedelijk Gewest,,Arrondissement Brussel-Hoofdstad,Oudergem,13841
België,Vlaams Gewest,Provincie West-Vlaanderen,Arrondissement Kortrijk,Menen,13737
België,Vlaams Gewest,Provincie Antwerpen,Arrondissement Antwerpen,Schoten,13655
België,Vlaams Gewest,Provincie Oost-Vlaanderen,Arrondissement Aalst,Geraardsbergen,13502
België,Waals Gewest,Provincie Waals-Brabant,Arrondissement Nijvel,Waver,13280
België,Vlaams Gewest,Provincie Oost-Vlaanderen,Arrondissement Gent,Evergem,13273
België,Waals Gewest,Provincie Waals-Brabant,Arrondissement Nijvel,Ottignies-Louvain-la-Neuve,13219
België,Vlaams Gewest,Provincie Limburg,Arrondissement Maaseik,Lommel,13166
België,Vlaams Gewest,Provincie Vlaams-Brabant,Arrondissement Halle-Vilvoorde,Zaventem,12605
België,Waals Gewest,Provincie Henegouwen,Arrondissement Charleroi,Courcelles,12535
België,Vlaams Gewest,Provincie West-Vlaanderen,Arrondissement Kortrijk,Wevelgem,12525
België,Vlaams Gewest,Provincie Oost-Vlaanderen,Arrondissement Oudenaarde,Oudenaarde,12518
België,Vlaams Gewest,Provincie Limburg,Arrondissement Tongeren,Tongeren,12496
België,Vlaams Gewest,Provincie Vlaams-Brabant,Arrondissement Halle-Vilvoorde,Sint-Pieters-Leeuw,12455
België,Vlaams Gewest,Provincie Vlaams-Brabant,Arrondissement Halle-Vilvoorde,Asse,12401
België,Vlaams Gewest,Provincie Vlaams-Brabant,Arrondissement Leuven,Aarschot,12380
België,Vlaams Gewest,Provincie Limburg,Arrondissement Tongeren,Bilzen,12190
België,Vlaams Gewest,Provincie Oost-Vlaanderen,Arrondissement Gent,Deinze,12138
België,Waals Gewest,Provincie Henegouwen,Arrondissement Aat,Aat,11833
België,Waals Gewest,Provincie Luik,Arrondissement Luik,Ans,11706
België,Vlaams Gewest,Provincie Limburg,Arrondissement Hasselt,Heusden-Zolder,11672
België,Vlaams Gewest,Provincie Antwerpen,Arrondissement Turnhout,Herentals,11529
België,Waals Gewest,Provincie Luxemburg,Arrondissement Aarlen,Aarlen,11387
België,Waals Gewest,Provincie Namen,Arrondissement Namen,Sambreville,11378
België,Waals Gewest,Provincie Waals-Brabant,Arrondissement Nijvel,Waterloo,11376
België,Vlaams Gewest,Provincie West-Vlaanderen,Arrondissement Roeselare,Izegem,11367
België,Vlaams Gewest,Provincie Oost-Vlaanderen,Arrondissement Sint-Niklaas,Temse,11332
België,Waals Gewest,Provincie Waals-Brabant,Arrondissement Nijvel,Nijvel,11280
België,Vlaams Gewest,Provincie West-Vlaanderen,Arrondissement Kortrijk,Harelbeke,11244
België,Vlaams Gewest,Provincie Limburg,Arrondissement Maaseik,Houthalen-Helchteren,11033
België,Waals Gewest,Provincie Luik,Arrondissement Luik,Flémalle,10937
België,Vlaams Gewest,Provincie Oost-Vlaanderen,Arrondissement Aalst,Zottegem,10751
België,Vlaams Gewest,Provincie West-Vlaanderen,Arrondissement Veurne,Koksijde,10721
België,Brussels Hoofdstedelijk Gewest,,Arrondissement Brussel-Hoofdstad,Ganshoren,10708
België,Vlaams Gewest,Provincie Antwerpen,Arrondissement Antwerpen,Brecht,10630
België,Brussels Hoofdstedelijk Gewest,,Arrondissement Brussel-Hoofdstad,Watermaal-Bosvoorde,10579
België,Vlaams Gewest,Provincie Limburg,Arrondissement Tongeren,Lanaken,10553
België,Vlaams Gewest,Provincie Antwerpen,Arrondissement Antwerpen,Kapellen (Antwerpen),10496
België,Vlaams Gewest,Provincie Antwerpen,Arrondissement Antwerpen,Mortsel,10480
België,Vlaams Gewest,Provincie Oost-Vlaanderen,Arrondissement Dendermonde,Wetteren,10349
België,Waals Gewest,Provincie Henegouwen,Arrondissement Zinnik,Zinnik,10283
België,Vlaams Gewest,Provincie Oost-Vlaanderen,Arrondissement Oudenaarde,Ronse,10226
België,Waals Gewest,Provincie Luik,Arrondissement Luik,Oupeye,10078
België,Waals Gewest,Provincie Namen,Arrondissement Namen,Andenne,9981
België,Vlaams Gewest,Provincie Limburg,Arrondissement Maaseik,Maaseik,9926
België,Vlaams Gewest,Provincie Oost-Vlaanderen,Arrondissement Dendermonde,Hamme (Dendermonde),9904
België,Waals Gewest,Provincie Henegouwen,Arrondissement Bergen,Saint-Ghislain,9824
België,Vlaams Gewest,Provincie Antwerpen,Arrondissement Mechelen,Willebroek,9800
België,Vlaams Gewest,Provincie Antwerpen,Arrondissement Turnhout,Westerlo,9701
België,Vlaams Gewest,Provincie Vlaams-Brabant,Arrondissement Leuven,Diest,9646
België,Vlaams Gewest,Provincie West-Vlaanderen,Arrondissement Kortrijk,Zwevegem,9572
België,Vlaams Gewest,Provincie Vlaams-Brabant,Arrondissement Leuven,Scherpenheuvel-Zichem,9512
België,Brussels Hoofdstedelijk Gewest,,Arrondissement Brussel-Hoofdstad,Sint-Joost-ten-Node,9489
België,Waals Gewest,Provincie Luik,Arrondissement Luik,Saint-Nicolas (Luik),9482
België,Vlaams Gewest,Provincie West-Vlaanderen,Arrondissement Brugge,Blankenberge,9468
België,Vlaams Gewest,Provincie Oost-Vlaanderen,Arrondissement Eeklo,Maldegem,9366
België,Waals Gewest,Provincie Waals-Brabant,Arrondissement Nijvel,Tubeke,9290
België,Vlaams Gewest,Provincie Vlaams-Brabant,Arrondissement Halle-Vilvoorde,Overijse,9274
België,Vlaams Gewest,Provincie Oost-Vlaanderen,Arrondissement Gent,Merelbeke,9228
België,Vlaams Gewest,Provincie West-Vlaanderen,Arrondissement Oostende,Middelkerke,9198
België,Waals Gewest,Provincie Henegouwen,Arrondissement Bergen,Frameries,9149
België,Vlaams Gewest,Provincie Vlaams-Brabant,Arrondissement Halle-Vilvoorde,Beersel,9148
België,Vlaams Gewest,Provincie Antwerpen,Arrondissement Antwerpen,Edegem,9132
België,Waals Gewest,Provincie Henegouwen,Arrondissement Charleroi,Fleurus,9108
België,Brussels Hoofdstedelijk Gewest,,Arrondissement Brussel-Hoofdstad,Sint-Agatha-Berchem,9021
België,Waals Gewest,Provincie Namen,Arrondissement Namen,Gembloux,9019
België,Waals Gewest,Provincie Henegouwen,Arrondissement Charleroi,Manage,8965
België,Waals Gewest,Provincie Luik,Arrondissement Luik,Grâce-Hollogne,8952
België,Vlaams Gewest,Provincie West-Vlaanderen,Arrondissement Brugge,Oostkamp,8941
België,Waals Gewest,Provincie Luik,Arrondissement Hoei,Hoei,8859
België,Vlaams Gewest,Provincie Oost-Vlaanderen,Arrondissement Eeklo,Eeklo,8847
België,Vlaams Gewest,Provincie Antwerpen,Arrondissement Mechelen,Nijlen,8753
België,Vlaams Gewest,Provincie West-Vlaanderen,Arrondissement Brugge,Zedelgem,8649
België,Vlaams Gewest,Provincie Antwerpen,Arrondissement Turnhout,Balen,8624
België,Waals Gewest,Provincie Luik,Arrondissement Luik,Chaudfontaine,8597
België,Waals Gewest,Provincie Henegouwen,Arrondissement Bergen,Colfontaine,8537
België,Waals Gewest,Provincie Waals-Brabant,Arrondissement Nijvel,Rixensart,8518
België,Vlaams Gewest,Provincie Vlaams-Brabant,Arrondissement Halle-Vilvoorde,Zemst,8459
België,Waals Gewest,Provincie Henegouwen,Arrondissement Bergen,Boussu,8444
België,Vlaams Gewest,Provincie Antwerpen,Arrondissement Mechelen,Bornem,8398
België,Brussels Hoofdstedelijk Gewest,,Arrondissement Brussel-Hoofdstad,Koekelberg,8369
België,Waals Gewest,Provincie Henegouwen,Arrondissement Zinnik,’s Gravenbrakel,8326
België,Vlaams Gewest,Provincie West-Vlaanderen,Arrondissement Brugge,Torhout,8221
België,Vlaams Gewest,Provincie Oost-Vlaanderen,Arrondissement Gent,Lochristi,8205
België,Vlaams Gewest,Provincie Vlaams-Brabant,Arrondissement Leuven,Tervuren,8166
België,Vlaams Gewest,Provincie West-Vlaanderen,Arrondissement Tielt,Tielt (Tielt),8099
België,Vlaams Gewest,Provincie Oost-Vlaanderen,Arrondissement Dendermonde,Zele,8091
België,Vlaams Gewest,Provincie Antwerpen,Arrondissement Antwerpen,Kontich,8082
België,Vlaams Gewest,Provincie Antwerpen,Arrondissement Antwerpen,Zoersel,8047
België,Waals Gewest,Provincie Henegouwen,Arrondissement Bergen,Quaregnon,7985
België,Vlaams Gewest,Provincie Oost-Vlaanderen,Arrondissement Aalst,Erpe-Mere,7983
België,Vlaams Gewest,Provincie Limburg,Arrondissement Hasselt,Zonhoven,7956
België,Vlaams Gewest,Provincie West-Vlaanderen,Arrondissement Ieper,Poperinge,7942
België,Vlaams Gewest,Provincie Oost-Vlaanderen,Arrondissement Gent,Aalter,7843
België,Vlaams Gewest,Provincie Oost-Vlaanderen,Arrondissement Aalst,Denderleeuw,7777
België,Vlaams Gewest,Provincie Vlaams-Brabant,Arrondissement Leuven,Herent,7750
België,Waals Gewest,Provincie Luik,Arrondissement Verviers,Eupen,7737
België,Vlaams Gewest,Provincie Antwerpen,Arrondissement Antwerpen,Zwijndrecht,7683
België,Vlaams Gewest,Provincie Antwerpen,Arrondissement Turnhout,Hoogstraten,7672
België,Waals Gewest,Provincie Henegouwen,Arrondissement Thuin,Morlanwelz,7635
België,Vlaams Gewest,Provincie Limburg,Arrondissement Maaseik,Dilsen-Stokkem,7630
België,Vlaams Gewest,Provincie Antwerpen,Arrondissement Antwerpen,Schilde,7611
België,Vlaams Gewest,Provincie Antwerpen,Arrondissement Mechelen,Sint-Katelijne-Waver,7541
België,Waals Gewest,Provincie Henegouwen,Arrondissement Zinnik,Lessen,7525
België,Vlaams Gewest,Provincie Vlaams-Brabant,Arrondissement Leuven,Kortenberg,7522
België,Vlaams Gewest,Provincie Oost-Vlaanderen,Arrondissement Dendermonde,Lebbeke,7437
België,Vlaams Gewest,Provincie Oost-Vlaanderen,Arrondissement Aalst,Haaltert,7436
België,Vlaams Gewest,Provincie Oost-Vlaanderen,Arrondissement Aalst,Lede,7420
België,Vlaams Gewest,Provincie West-Vlaanderen,Arrondissement Ieper,Wervik,7398
België,Vlaams Gewest,Provincie Antwerpen,Arrondissement Antwerpen,Stabroek,7379
België,Vlaams Gewest,Provincie Antwerpen,Arrondissement Antwerpen,Wuustwezel,7322
België,Vlaams Gewest,Provincie Limburg,Arrondissement Hasselt,Diepenbeek,7270
België,Vlaams Gewest,Provincie Limburg,Arrondissement Hasselt,Tessenderlo,7261
België,Waals Gewest,Provincie Henegouwen,Arrondissement Moeskroen,Komen-Waasten,7253
België,Waals Gewest,Provincie Namen,Arrondissement Philippeville,Walcourt,7235
België,Vlaams Gewest,Provincie Oost-Vlaanderen,Arrondissement Gent,Destelbergen,7227
België,Waals Gewest,Provincie Henegouwen,Arrondissement Charleroi,Fontaine-l’Evêque,7217
België,Vlaams Gewest,Provincie Oost-Vlaanderen,Arrondissement Sint-Niklaas,Sint-Gillis-Waas,7197
België,Vlaams Gewest,Provincie Antwerpen,Arrondissement Antwerpen,Boom,7187
België,Waals Gewest,Provincie Namen,Arrondissement Namen,Jemeppe-sur-Sambre,7176
België,Vlaams Gewest,Provincie Vlaams-Brabant,Arrondissement Halle-Vilvoorde,Meise,7095
België,Vlaams Gewest,Provincie Vlaams-Brabant,Arrondissement Halle-Vilvoorde,Londerzeel,7068
België,Waals Gewest,Provincie Henegouwen,Arrondissement Bergen,Dour,7026
België,Vlaams Gewest,Provincie Antwerpen,Arrondissement Antwerpen,Ranst,7020
België,Vlaams Gewest,Provincie Oost-Vlaanderen,Arrondissement Sint-Niklaas,Stekene,7020
België,Vlaams Gewest,Provincie Antwerpen,Arrondissement Turnhout,Kasterlee,7011
België,Waals Gewest,Provincie Luik,Arrondissement Luik,Wezet,6974
België,Vlaams Gewest,Provincie Oost-Vlaanderen,Arrondissement Aalst,Herzele,6959
België,Waals Gewest,Provincie Henegouwen,Arrondissement Doornik,Péruwelz,6959
België,Waals Gewest,Provincie Luik,Arrondissement Luik,Fléron,6935
België,Vlaams Gewest,Provincie West-Vlaanderen,Arrondissement Oostende,Bredene,6932
België,Vlaams Gewest,Provincie Antwerpen,Arrondissement Antwerpen,Kalmthout,6867
België,Vlaams Gewest,Provincie Antwerpen,Arrondissement Antwerpen,Essen,6862
België,Waals Gewest,Provincie Luxemburg,Arrondissement Marche-en-Famenne,Marche-en-Famenne,6854
België,Vlaams Gewest,Provincie Antwerpen,Arrondissement Mechelen,Putte,6744
België,Vlaams Gewest,Provincie Vlaams-Brabant,Arrondissement Halle-Vilvoorde,Sint-Genesius-Rode,6722
België,Vlaams Gewest,Provincie Antwerpen,Arrondissement Mechelen,Duffel,6672
België,Vlaams Gewest,Provincie West-Vlaanderen,Arrondissement Diksmuide,Diksmuide,6641
België,Waals Gewest,Provincie Henegouwen,Arrondissement Charleroi,Pont-à-Celles,6619
België,Waals Gewest,Provincie Luxemburg,Arrondissement Aarlen,Aubange,6575
België,Waals Gewest,Provincie Luik,Arrondissement Verviers,Herve,6565
België,Vlaams Gewest,Provincie Antwerpen,Arrondissement Mechelen,Puurs,6544
België,Vlaams Gewest,Provincie Limburg,Arrondissement Maaseik,Neerpelt,6541
België,Vlaams Gewest,Provincie Antwerpen,Arrondissement Turnhout,Beerse,6496
België,Vlaams Gewest,Provincie Oost-Vlaanderen,Arrondissement Sint-Niklaas,Kruibeke,6454
België,Waals Gewest,Provincie Namen,Arrondissement Dinant,Ciney,6438
België,Vlaams Gewest,Provincie Vlaams-Brabant,Arrondissement Leuven,Landen,6361
België,Vlaams Gewest,Provincie Limburg,Arrondissement Tongeren,Riemst,6352
België,Vlaams Gewest,Provincie Vlaams-Brabant,Arrondissement Halle-Vilvoorde,Merchtem,6337
België,Waals Gewest,Provincie Luik,Arrondissement Luik,Soumagne,6335
België,Waals Gewest,Provincie Luik,Arrondissement Borgworm,Borgworm,6333
België,Vlaams Gewest,Provincie Antwerpen,Arrondissement Turnhout,Lille,6320
België,Vlaams Gewest,Provincie Antwerpen,Arrondissement Turnhout,Laakdal,6248
België,Vlaams Gewest,Provincie Limburg,Arrondissement Hasselt,Leopoldsburg,6187
België,Vlaams Gewest,Provincie Limburg,Arrondissement Maaseik,Peer,6151
België,Vlaams Gewest,Provincie Vlaams-Brabant,Arrondissement Leuven,Rotselaar,6090
België,Vlaams Gewest,Provincie Limburg,Arrondissement Maaseik,Bree,6083
België,Waals Gewest,Provincie Henegouwen,Arrondissement Thuin,Thuin,6064
België,Vlaams Gewest,Provincie Oost-Vlaanderen,Arrondissement Gent,Zulte,6052
België,Waals Gewest,Provincie Luik,Arrondissement Borgworm,Hannuit,6037
België,Vlaams Gewest,Provincie West-Vlaanderen,Arrondissement Oostende,De Haan,6036
België,Vlaams Gewest,Provincie Vlaams-Brabant,Arrondissement Halle-Vilvoorde,Wemmel,6028
België,Vlaams Gewest,Provincie Oost-Vlaanderen,Arrondissement Dendermonde,Berlare,5998
België,Waals Gewest,Provincie Henegouwen,Arrondissement Charleroi,Chapelle-lez-Herlaimont,5958
België,Vlaams Gewest,Provincie Vlaams-Brabant,Arrondissement Halle-Vilvoorde,Ternat,5918
België,Waals Gewest,Provincie Namen,Arrondissement Dinant,Dinant,5878
België,Vlaams Gewest,Provincie Oost-Vlaanderen,Arrondissement Oudenaarde,Brakel,5789
België,Waals Gewest,Provincie Namen,Arrondissement Philippeville,Couvin,5777
België,Vlaams Gewest,Provincie Antwerpen,Arrondissement Antwerpen,Rumst,5767
België,Vlaams Gewest,Provincie Antwerpen,Arrondissement Turnhout,Herselt,5756
België,Vlaams Gewest,Provincie Vlaams-Brabant,Arrondissement Leuven,Tremelo,5752
België,Vlaams Gewest,Provincie Oost-Vlaanderen,Arrondissement Dendermonde,Buggenhout,5752
België,Vlaams Gewest,Provincie West-Vlaanderen,Arrondissement Brugge,Beernem,5751
België,Vlaams Gewest,Provincie Antwerpen,Arrondissement Antwerpen,Aartselaar,5741
België,Waals Gewest,Provincie Luik,Arrondissement Verviers,Dison,5738
België,Waals Gewest,Provincie Waals-Brabant,Arrondissement Nijvel,Genepiën,5678
België,Waals Gewest,Provincie Luik,Arrondissement Luik,Esneux,5672
België,Vlaams Gewest,Provincie Limburg,Arrondissement Hasselt,Lummen,5671
België,Waals Gewest,Provincie Luxemburg,Arrondissement Bastenaken,Bastenaken,5668
België,Vlaams Gewest,Provincie Oost-Vlaanderen,Arrondissement Eeklo,Assenede,5666
België,Vlaams Gewest,Provincie Antwerpen,Arrondissement Mechelen,Bonheiden,5663
België,Waals Gewest,Provincie Henegouwen,Arrondissement Aat,Beloeil,5661
België,Waals Gewest,Provincie Luik,Arrondissement Hoei,Amay,5654
België,Waals Gewest,Provincie Namen,Arrondissement Namen,Eghezée,5624
België,Waals Gewest,Provincie Henegouwen,Arrondissement Doornik,Leuze-en-Hainaut,5612
België,Vlaams Gewest,Provincie West-Vlaanderen,Arrondissement Kortrijk,Anzegem,5608
België,Vlaams Gewest,Provincie Antwerpen,Arrondissement Turnhout,Ravels,5585
België,Vlaams Gewest,Provincie Limburg,Arrondissement Maaseik,Overpelt,5577
België,Vlaams Gewest,Provincie Limburg,Arrondissement Maaseik,Hamont-Achel,5554
België,Vlaams Gewest,Provincie West-Vlaanderen,Arrondissement Oostende,Ichtegem,5553
België,Vlaams Gewest,Provincie West-Vlaanderen,Arrondissement Veurne,Nieuwpoort,5537
België,Vlaams Gewest,Provincie Antwerpen,Arrondissement Antwerpen,Malle,5532
België,Vlaams Gewest,Provincie Vlaams-Brabant,Arrondissement Leuven,Haacht,5508
België,Waals Gewest,Provincie Henegouwen,Arrondissement Thuin,Ham-sur-Heure-Nalinnes,5493
België,Waals Gewest,Provincie Luik,Arrondissement Luik,Sprimont,5418
België,Vlaams Gewest,Provincie West-Vlaanderen,Arrondissement Tielt,Wingene,5408
België,Vlaams Gewest,Provincie Vlaams-Brabant,Arrondissement Halle-Vilvoorde,Opwijk,5396
België,Vlaams Gewest,Provincie Oost-Vlaanderen,Arrondissement Eeklo,Zelzate,5367
België,Vlaams Gewest,Provincie West-Vlaanderen,Arrondissement Brugge,Jabbeke,5299
België,Vlaams Gewest,Provincie West-Vlaanderen,Arrondissement Kortrijk,Kuurne,5283
België,Vlaams Gewest,Provincie Vlaams-Brabant,Arrondissement Leuven,Lubbeek,5241
België,Waals Gewest,Provincie Luik,Arrondissement Hoei,Wanze,5225
België,Vlaams Gewest,Provincie West-Vlaanderen,Arrondissement Veurne,De Panne,5224
België,Waals Gewest,Provincie Henegouwen,Arrondissement Zinnik,Edingen,5199
België,Vlaams Gewest,Provincie Oost-Vlaanderen,Arrondissement Gent,Oosterzele,5173
België,Vlaams Gewest,Provincie Vlaams-Brabant,Arrondissement Halle-Vilvoorde,Kraainem,5133
België,Vlaams Gewest,Provincie Vlaams-Brabant,Arrondissement Halle-Vilvoorde,Wezembeek-Oppem,5093
België,Vlaams Gewest,Provincie Vlaams-Brabant,Arrondissement Halle-Vilvoorde,Machelen (Halle-Vilvoorde),5085
België,Waals Gewest,Provincie Waals-Brabant,Arrondissement Nijvel,Lasne,5064
België,Vlaams Gewest,Provincie Antwerpen,Arrondissement Turnhout,Arendonk,5047
België,Vlaams Gewest,Provincie Vlaams-Brabant,Arrondissement Halle-Vilvoorde,Liedekerke,5041
België,Waals Gewest,Provincie Luik,Arrondissement Luik,Blégny,5040
België,Waals Gewest,Provincie Waals-Brabant,Arrondissement Nijvel,Geldenaken,5021
België,Vlaams Gewest,Provincie Oost-Vlaanderen,Arrondissement Dendermonde,Laarne,5019
België,Waals Gewest,Provincie Henegouwen,Arrondissement Charleroi,Gerpinnes,5019
België,Vlaams Gewest,Provincie Antwerpen,Arrondissement Turnhout,Oud-Turnhout,4969
België,Waals Gewest,Provincie Luik,Arrondissement Luik,Beyne-Heusay,4954
België,Vlaams Gewest,Provincie Vlaams-Brabant,Arrondissement Leuven,Keerbergen,4927
België,Vlaams Gewest,Provincie Vlaams-Brabant,Arrondissement Halle-Vilvoorde,Affligem,4923
België,Vlaams Gewest,Provincie Oost-Vlaanderen,Arrondissement Gent,Gavere,4904
België,Waals Gewest,Provincie Namen,Arrondissement Dinant,Rochefort,4894
België,Vlaams Gewest,Provincie Limburg,Arrondissement Maaseik,Bocholt,4878
België,Vlaams Gewest,Provincie Limburg,Arrondissement Hasselt,Herk-de-Stad,4871
België,Waals Gewest,Provincie Luik,Arrondissement Verviers,Malmedy,4870
België,Vlaams Gewest,Provincie Antwerpen,Arrondissement Antwerpen,Wommelgem,4854
België,Waals Gewest,Provincie Henegouwen,Arrondissement Thuin,Anderlues,4848
België,Waals Gewest,Provincie Namen,Arrondissement Namen,Mettet,4844
België,Vlaams Gewest,Provincie Limburg,Arrondissement Maaseik,Meeuwen-Gruitrode,4840
België,Vlaams Gewest,Provincie Antwerpen,Arrondissement Antwerpen,Boechout,4839
België,Vlaams Gewest,Provincie Antwerpen,Arrondissement Antwerpen,Zandhoven,4833
België,Vlaams Gewest,Provincie West-Vlaanderen,Arrondissement Diksmuide,Kortemark,4828
België,Waals Gewest,Provincie Luik,Arrondissement Luik,Aywaille,4801
België,Waals Gewest,Provincie Henegouwen,Arrondissement Aat,Bernissart,4795
België,Vlaams Gewest,Provincie Oost-Vlaanderen,Arrondissement Dendermonde,Wichelen,4768
België,Vlaams Gewest,Provincie West-Vlaanderen,Arrondissement Ieper,Zonnebeke,4749
België,Waals Gewest,Provincie Waals-Brabant,Arrondissement Nijvel,Graven,4737
België,Vlaams Gewest,Provincie West-Vlaanderen,Arrondissement Veurne,Veurne,4687
België,Vlaams Gewest,Provincie Antwerpen,Arrondissement Turnhout,Olen,4686
België,Waals Gewest,Provincie Luik,Arrondissement Verviers,Kelmis,4685
België,Vlaams Gewest,Provincie West-Vlaanderen,Arrondissement Oostende,Gistel,4663
België,Vlaams Gewest,Provincie Vlaams-Brabant,Arrondissement Halle-Vilvoorde,Steenokkerzeel,4660
België,Vlaams Gewest,Provincie Oost-Vlaanderen,Arrondissement Gent,Nevele,4649
België,Waals Gewest,Provincie Luik,Arrondissement Verviers,Theux,4634
België,Waals Gewest,Provincie Luxemburg,Arrondissement Virton,Virton,4620
België,Vlaams Gewest,Provincie Vlaams-Brabant,Arrondissement Leuven,Boortmeerbeek,4612
België,Vlaams Gewest,Provincie Limburg,Arrondissement Maaseik,Kinrooi,4581
België,Waals Gewest,Provincie Luxemburg,Arrondissement Marche-en-Famenne,Durbuy,4581
België,Vlaams Gewest,Provincie Limburg,Arrondissement Maaseik,Hechtel-Eksel,4572
België,Waals Gewest,Provincie Henegouwen,Arrondissement Aat,Frasnes-lez-Anvaing,4508
België,Vlaams Gewest,Provincie Antwerpen,Arrondissement Antwerpen,Borsbeek,4507
België,Waals Gewest,Provincie Luik,Arrondissement Verviers,Spa,4494
België,Vlaams Gewest,Provincie West-Vlaanderen,Arrondissement Kortrijk,Deerlijk,4489
België,Waals Gewest,Provincie Namen,Arrondissement Philippeville,Florennes,4469
België,Waals Gewest,Provincie Namen,Arrondissement Namen,Profondeville,4467
België,Waals Gewest,Provincie Henegouwen,Arrondissement Charleroi,Aiseau-Presles,4406
België,Vlaams Gewest,Provincie West-Vlaanderen,Arrondissement Tielt,Meulebeke,4394
België,Vlaams Gewest,Provincie Antwerpen,Arrondissement Turnhout,Grobbendonk,4386
België,Vlaams Gewest,Provincie West-Vlaanderen,Arrondissement Roeselare,Moorslede,4386
België,Vlaams Gewest,Provincie Oost-Vlaanderen,Arrondissement Gent,Nazareth,4362
België,Vlaams Gewest,Provincie Limburg,Arrondissement Tongeren,Alken,4358
België,Vlaams Gewest,Provincie Oost-Vlaanderen,Arrondissement Gent,Melle,4349
België,Waals Gewest,Provincie Henegouwen,Arrondissement Charleroi,Montigny-le-Tilleul,4327
België,Waals Gewest,Provincie Henegouwen,Arrondissement Charleroi,Farciennes,4305
België,Vlaams Gewest,Provincie Vlaams-Brabant,Arrondissement Halle-Vilvoorde,Kampenhout,4302
België,Vlaams Gewest,Provincie Antwerpen,Arrondissement Turnhout,Rijkevorsel,4298
België,Vlaams Gewest,Provincie Antwerpen,Arrondissement Mechelen,Berlaar,4291
België,Vlaams Gewest,Provincie West-Vlaanderen,Arrondissement Roeselare,Ingelmunster,4273
België,Vlaams Gewest,Provincie West-Vlaanderen,Arrondissement Roeselare,Staden,4268
België,Vlaams Gewest,Provincie Vlaams-Brabant,Arrondissement Halle-Vilvoorde,Roosdaal,4253
België,Waals Gewest,Provincie Henegouwen,Arrondissement Charleroi,Seneffe,4236
België,Vlaams Gewest,Provincie West-Vlaanderen,Arrondissement Brugge,Damme,4225
België,Waals Gewest,Provincie Henegouwen,Arrondissement Zinnik,Ecaussinnes,4220
België,Waals Gewest,Provincie Waals-Brabant,Arrondissement Nijvel,Chaumont-Gistoux,4214
België,Vlaams Gewest,Provincie Antwerpen,Arrondissement Antwerpen,Hemiksem,4184
België,Vlaams Gewest,Provincie Limburg,Arrondissement Tongeren,Borgloon,4183
België,Vlaams Gewest,Provincie Antwerpen,Arrondissement Turnhout,Retie,4178
België,Vlaams Gewest,Provincie Oost-Vlaanderen,Arrondissement Dendermonde,Waasmunster,4170
België,Vlaams Gewest,Provincie Vlaams-Brabant,Arrondissement Leuven,Oud-Heverlee,4158
België,Waals Gewest,Provincie Henegouwen,Arrondissement Thuin,Chimay,4146
België,Vlaams Gewest,Provincie Antwerpen,Arrondissement Turnhout,Hulshout,4138
België,Vlaams Gewest,Provincie Vlaams-Brabant,Arrondissement Leuven,Tielt-Winge,4115
België,Vlaams Gewest,Provincie Limburg,Arrondissement Hasselt,Ham,4103
België,Vlaams Gewest,Provincie Oost-Vlaanderen,Arrondissement Gent,De Pinte,4065
België,Waals Gewest,Provincie Luik,Arrondissement Verviers,Raeren,4061
België,Waals Gewest,Provincie Waals-Brabant,Arrondissement Nijvel,Rebecq,4058
België,Vlaams Gewest,Provincie Vlaams-Brabant,Arrondissement Halle-Vilvoorde,Hoeilaart,4024
België,Waals Gewest,Provincie Henegouwen,Arrondissement Thuin,Erquelinnes,4022
België,Waals Gewest,Provincie Henegouwen,Arrondissement Doornik,Estaimpuis,4019
België,Vlaams Gewest,Provincie Antwerpen,Arrondissement Turnhout,Vosselaar,4007
België,Waals Gewest,Provincie Luxemburg,Arrondissement Neufchâteau,Libramont-Chevigny,4006
België,Vlaams Gewest,Provincie West-Vlaanderen,Arrondissement Kortrijk,Avelgem,3992
België,Vlaams Gewest,Provincie Antwerpen,Arrondissement Turnhout,Meerhout,3991
België,Vlaams Gewest,Provincie Oost-Vlaanderen,Arrondissement Aalst,Sint-Lievens-Houtem,3980
België,Waals Gewest,Provincie Luik,Arrondissement Luik,Neupré,3934
België,Vlaams Gewest,Provincie Vlaams-Brabant,Arrondissement Leuven,Begijnendijk,3914
België,Waals Gewest,Provincie Henegouwen,Arrondissement Bergen,Jurbeke,3886
België,Waals Gewest,Provincie Luik,Arrondissement Verviers,Plombières,3863
België,Waals Gewest,Provincie Namen,Arrondissement Namen,Fosses-la-Ville,3836
België,Vlaams Gewest,Provincie Oost-Vlaanderen,Arrondissement Gent,Lovendegem,3826
België,Vlaams Gewest,Provincie Antwerpen,Arrondissement Antwerpen,Niel,3822
België,Waals Gewest,Provincie Waals-Brabant,Arrondissement Nijvel,Villers-la-Ville,3818
België,Waals Gewest,Provincie Luik,Arrondissement Verviers,Welkenraedt,3795
België,Vlaams Gewest,Provincie West-Vlaanderen,Arrondissement Diksmuide,Houthulst,3776
België,Waals Gewest,Provincie Waals-Brabant,Arrondissement Nijvel,Kasteelbrakel,3767
België,Vlaams Gewest,Provincie West-Vlaanderen,Arrondissement Roeselare,Hooglede,3758
België,Vlaams Gewest,Provincie Limburg,Arrondissement Hasselt,Opglabbeek,3745
België,Waals Gewest,Provincie Namen,Arrondissement Philippeville,Philippeville,3743
België,Vlaams Gewest,Provincie Limburg,Arrondissement Tongeren,Hoeselt,3724
België,Vlaams Gewest,Provincie West-Vlaanderen,Arrondissement Roeselare,Ledegem,3719
België,Vlaams Gewest,Provincie Vlaams-Brabant,Arrondissement Halle-Vilvoorde,Kapelle-op-den-Bos,3679
België,Vlaams Gewest,Provincie Limburg,Arrondissement Hasselt,Halen,3671
België,Waals Gewest,Provincie Luik,Arrondissement Verviers,Pepinster,3669
België,Vlaams Gewest,Provincie Vlaams-Brabant,Arrondissement Leuven,Holsbeek,3656
België,Vlaams Gewest,Provincie Antwerpen,Arrondissement Turnhout,Dessel,3653
België,Vlaams Gewest,Provincie West-Vlaanderen,Arrondissement Tielt,Ardooie,3637
België,Vlaams Gewest,Provincie Antwerpen,Arrondissement Antwerpen,Wijnegem,3635
België,Vlaams Gewest,Provincie West-Vlaanderen,Arrondissement Oostende,Oudenburg,3634
België,Waals Gewest,Provincie Luik,Arrondissement Verviers,Sankt Vith,3630
België,Waals Gewest,Provincie Waals-Brabant,Arrondissement Nijvel,Court-Saint-Etienne,3615
België,Vlaams Gewest,Provincie Vlaams-Brabant,Arrondissement Leuven,Huldenberg,3597
België,Vlaams Gewest,Provincie Vlaams-Brabant,Arrondissement Leuven,Bierbeek,3580
België,Waals Gewest,Provincie Namen,Arrondissement Dinant,Beauraing,3570
België,Vlaams Gewest,Provincie West-Vlaanderen,Arrondissement Tielt,Wielsbeke,3565
België,Waals Gewest,Provincie Henegouwen,Arrondissement Charleroi,Les Bons Villers,3553
België,Vlaams Gewest,Provincie Vlaams-Brabant,Arrondissement Leuven,Bertem,3542
België,Waals Gewest,Provincie Luik,Arrondissement Luik,Bitsingen,3536
België,Vlaams Gewest,Provincie Antwerpen,Arrondissement Turnhout,Herenthout,3501
België,Vlaams Gewest,Provincie West-Vlaanderen,Arrondissement Diksmuide,Koekelare,3490
België,Vlaams Gewest,Provincie Vlaams-Brabant,Arrondissement Halle-Vilvoorde,Gooik,3438
België,Waals Gewest,Provincie Luik,Arrondissement Luik,Awans,3409
België,Waals Gewest,Provincie Namen,Arrondissement Dinant,Yvoir,3401
België,Waals Gewest,Provincie Luxemburg,Arrondissement Neufchâteau,Bertrix,3400
België,Vlaams Gewest,Provincie West-Vlaanderen,Arrondissement Roeselare,Lichtervelde,3396
België,Vlaams Gewest,Provincie Vlaams-Brabant,Arrondissement Halle-Vilvoorde,Lennik,3395
België,Vlaams Gewest,Provincie Oost-Vlaanderen,Arrondissement Gent,Knesselare,3368
België,Vlaams Gewest,Provincie Oost-Vlaanderen,Arrondissement Gent,Sint-Martens-Latem,3356
België,Waals Gewest,Provincie Henegouwen,Arrondissement Zinnik,Le Roeulx,3356
België,Waals Gewest,Provincie Luik,Arrondissement Luik,Juprelle,3352
België,Waals Gewest,Provincie Luik,Arrondissement Luik,Trooz,3349
België,Vlaams Gewest,Provincie Vlaams-Brabant,Arrondissement Leuven,Zoutleeuw,3302
België,Vlaams Gewest,Provincie Vlaams-Brabant,Arrondissement Halle-Vilvoorde,Galmaarden,3301
België,Vlaams Gewest,Provincie Oost-Vlaanderen,Arrondissement Gent,Zomergem,3282
België,Vlaams Gewest,Provincie Limburg,Arrondissement Hasselt,Gingelom,3258
België,Vlaams Gewest,Provincie Antwerpen,Arrondissement Antwerpen,Schelle,3240
België,Vlaams Gewest,Provincie Oost-Vlaanderen,Arrondissement Gent,Waarschoot,3224
België,Vlaams Gewest,Provincie Limburg,Arrondissement Tongeren,Kortessem,3222
België,Vlaams Gewest,Provincie West-Vlaanderen,Arrondissement Ieper,Heuvelland,3194
België,Waals Gewest,Provincie Henegouwen,Arrondissement Doornik,Antoing,3191
België,Vlaams Gewest,Provincie West-Vlaanderen,Arrondissement Tielt,Dentergem,3171
België,Vlaams Gewest,Provincie Oost-Vlaanderen,Arrondissement Oudenaarde,Zwalm,3170
België,Vlaams Gewest,Provincie Antwerpen,Arrondissement Antwerpen,Lint,3164
België,Waals Gewest,Provincie Henegouwen,Arrondissement Bergen,Quévy,3150
België,Waals Gewest,Provincie Namen,Arrondissement Namen,La Bruyère,3146
België,Vlaams Gewest,Provincie Oost-Vlaanderen,Arrondissement Oudenaarde,Kruishoutem,3119
België,Vlaams Gewest,Provincie Antwerpen,Arrondissement Antwerpen,Hove (Antwerpen),3113
België,Vlaams Gewest,Provincie Antwerpen,Arrondissement Mechelen,Sint-Amands,3099
België,Waals Gewest,Provincie Waals-Brabant,Arrondissement Nijvel,Orp-Jauche,3085
België,Waals Gewest,Provincie Luik,Arrondissement Verviers,Jalhay,3085
België,Vlaams Gewest,Provincie West-Vlaanderen,Arrondissement Ieper,Langemark-Poelkapelle,3080
België,Waals Gewest,Provincie Henegouwen,Arrondissement Thuin,Estinnes,3077
België,Waals Gewest,Provincie Luxemburg,Arrondissement Aarlen,Messancy,3077
België,Vlaams Gewest,Provincie Vlaams-Brabant,Arrondissement Leuven,Kortenaken,3074
België,Vlaams Gewest,Provincie Limburg,Arrondissement Hasselt,As,3073
België,Waals Gewest,Provincie Henegouwen,Arrondissement Zinnik,Opzullik,3067
België,Vlaams Gewest,Provincie Antwerpen,Arrondissement Turnhout,Merksplas,3055
België,Waals Gewest,Provincie Henegouwen,Arrondissement Doornik,Brunehaut,3044
België,Waals Gewest,Provincie Luxemburg,Arrondissement Bastenaken,Vielsalm,3026
België,Vlaams Gewest,Provincie Antwerpen,Arrondissement Turnhout,Vorselaar,3012
België,Waals Gewest,Provincie Namen,Arrondissement Namen,Sombreffe,3010
België,Waals Gewest,Provincie Luxemburg,Arrondissement Virton,Habay,2996
België,Vlaams Gewest,Provincie West-Vlaanderen,Arrondissement Tielt,Oostrozebeke,2982
België,Waals Gewest,Provincie Waals-Brabant,Arrondissement Nijvel,Perwijs (Nijvel),2967
België,Vlaams Gewest,Provincie Vlaams-Brabant,Arrondissement Leuven,Boutersem,2924
België,Vlaams Gewest,Provincie Limburg,Arrondissement Tongeren,Wellen,2909
België,Waals Gewest,Provincie Namen,Arrondissement Namen,Floreffe,2905
België,Vlaams Gewest,Provincie Oost-Vlaanderen,Arrondissement Oudenaarde,Zingem,2875
België,Vlaams Gewest,Provincie Oost-Vlaanderen,Arrondissement Gent,Wachtebeke,2857
België,Vlaams Gewest,Provincie Limburg,Arrondissement Tongeren,Heers,2830
België,Waals Gewest,Provincie Henegouwen,Arrondissement Thuin,Beaumont,2827
België,Vlaams Gewest,Provincie Vlaams-Brabant,Arrondissement Leuven,Linter,2814
België,Waals Gewest,Provincie Henegouwen,Arrondissement Bergen,Quiévrain,2796
België,Waals Gewest,Provincie Namen,Arrondissement Dinant,Anhée,2796
België,Vlaams Gewest,Provincie Limburg,Arrondissement Hasselt,Zutendaal,2776
België,Waals Gewest,Provincie Henegouwen,Arrondissement Bergen,Hensies,2766
België,Waals Gewest,Provincie Luik,Arrondissement Verviers,Stavelot,2747
België,Waals Gewest,Provincie Waals-Brabant,Arrondissement Nijvel,Terhulpen,2733
België,Waals Gewest,Provincie Namen,Arrondissement Dinant,Hamois,2703
België,Waals Gewest,Provincie Luik,Arrondissement Luik,Dalhem,2695
België,Waals Gewest,Provincie Luxemburg,Arrondissement Neufchâteau,Neufchâteau (Neufchâteau),2689
België,Vlaams Gewest,Provincie Oost-Vlaanderen,Arrondissement Eeklo,Sint-Laureins,2685
België,Vlaams Gewest,Provincie Limburg,Arrondissement Hasselt,Nieuwerkerken (Hasselt),2659
België,Waals Gewest,Provincie Luik,Arrondissement Borgworm,Saint-Georges-sur-Meuse,2645
België,Waals Gewest,Provincie Namen,Arrondissement Philippeville,Viroinval,2638
België,Waals Gewest,Provincie Waals-Brabant,Arrondissement Nijvel,Mont-Saint-Guibert,2635
België,Waals Gewest,Provincie Luik,Arrondissement Verviers,Weismes,2633
België,Vlaams Gewest,Provincie Vlaams-Brabant,Arrondissement Leuven,Hoegaarden,2611
België,Waals Gewest,Provincie Namen,Arrondissement Namen,Fernelmont,2604
België,Waals Gewest,Provincie Namen,Arrondissement Dinant,Hastière,2597
België,Vlaams Gewest,Provincie West-Vlaanderen,Arrondissement Tielt,Pittem,2586
België,Vlaams Gewest,Provincie Oost-Vlaanderen,Arrondissement Oudenaarde,Lierde,2581
België,Vlaams Gewest,Provincie Oost-Vlaanderen,Arrondissement Oudenaarde,Kluisbergen,2580
België,Waals Gewest,Provincie Henegouwen,Arrondissement Aat,Chièvres,2576
België,Waals Gewest,Provincie Namen,Arrondissement Namen,Gesves,2491
België,Waals Gewest,Provincie Waals-Brabant,Arrondissement Nijvel,Bevekom,2486
België,Vlaams Gewest,Provincie Oost-Vlaanderen,Arrondissement Eeklo,Kaprijke,2482
België,Vlaams Gewest,Provincie Vlaams-Brabant,Arrondissement Halle-Vilvoorde,Herne,2478
België,Waals Gewest,Provincie Waals-Brabant,Arrondissement Nijvel,Chastre,2459
België,Vlaams Gewest,Provincie Oost-Vlaanderen,Arrondissement Gent,Moerbeke (Gent),2436
België,Vlaams Gewest,Provincie Oost-Vlaanderen,Arrondissement Oudenaarde,Wortegem-Petegem,2421
België,Waals Gewest,Provincie Namen,Arrondissement Namen,Assesse,2414
België,Waals Gewest,Provincie Luik,Arrondissement Hoei,Engis,2407
België,Waals Gewest,Provincie Waals-Brabant,Arrondissement Nijvel,Itter,2385
België,Waals Gewest,Provincie Luxemburg,Arrondissement Neufchâteau,Bouillon,2380
België,Vlaams Gewest,Provincie Vlaams-Brabant,Arrondissement Leuven,Bekkevoort,2374
België,Vlaams Gewest,Provincie Oost-Vlaanderen,Arrondissement Oudenaarde,Maarkedal,2358
België,Waals Gewest,Provincie Luxemburg,Arrondissement Virton,Florenville,2357
België,Waals Gewest,Provincie Luxemburg,Arrondissement Neufchâteau,Saint-Hubert,2355
België,Vlaams Gewest,Provincie Vlaams-Brabant,Arrondissement Leuven,Geetbets,2354
België,Waals Gewest,Provincie Waals-Brabant,Arrondissement Nijvel,Walhain,2349
België,Waals Gewest,Provincie Henegouwen,Arrondissement Aat,Elzele,2347
België,Waals Gewest,Provincie Luik,Arrondissement Hoei,Villers-Le-Bouillet,2337
België,Vlaams Gewest,Provincie West-Vlaanderen,Arrondissement Kortrijk,Lendelede,2291
België,Waals Gewest,Provincie Henegouwen,Arrondissement Thuin,Lobbes,2286
België,Waals Gewest,Provincie Luik,Arrondissement Borgworm,Braives,2240
België,Waals Gewest,Provincie Waals-Brabant,Arrondissement Nijvel,Ramillies,2214
België,Waals Gewest,Provincie Luik,Arrondissement Verviers,Limburg,2211
België,Waals Gewest,Provincie Luik,Arrondissement Luik,Comblain-au-Pont,2192
België,Waals Gewest,Provincie Luxemburg,Arrondissement Marche-en-Famenne,Hotton,2180
België,Waals Gewest,Provincie Henegouwen,Arrondissement Doornik,Pecq,2175
België,Waals Gewest,Provincie Henegouwen,Arrondissement Thuin,Momignies,2160
België,Waals Gewest,Provincie Luik,Arrondissement Verviers,Bütgenbach,2133
België,Waals Gewest,Provincie Luik,Arrondissement Borgworm,Remicourt,2127
België,Waals Gewest,Provincie Luik,Arrondissement Hoei,Nandrin,2120
België,Waals Gewest,Provincie Henegouwen,Arrondissement Doornik,Celles (Doornik),2114
België,Waals Gewest,Provincie Henegouwen,Arrondissement Doornik,Rumes,2097
België,Waals Gewest,Provincie Luik,Arrondissement Hoei,Marchin,2093
België,Waals Gewest,Provincie Henegouwen,Arrondissement Bergen,Honnelles,2090
België,Waals Gewest,Provincie Luxemburg,Arrondissement Neufchâteau,Paliseul,2055
België,Waals Gewest,Provincie Luxemburg,Arrondissement Virton,Chiny,2049
België,Waals Gewest,Provincie Luik,Arrondissement Verviers,Büllingen,2045
België,Waals Gewest,Provincie Luik,Arrondissement Verviers,Lontzen,2033
België,Waals Gewest,Provincie Luxemburg,Arrondissement Virton,Etalle,2017
België,Waals Gewest,Provincie Luxemburg,Arrondissement Marche-en-Famenne,Nassogne,2010
België,Waals Gewest,Provincie Henegouwen,Arrondissement Thuin,Sivry-Rance,2009
België,Vlaams Gewest,Provincie Vlaams-Brabant,Arrondissement Leuven,Glabbeek,2005
België,Waals Gewest,Provincie Namen,Arrondissement Dinant,Somme-Leuze,2004
België,Vlaams Gewest,Provincie West-Vlaanderen,Arrondissement Tielt,Ruiselede,1997
België,Waals Gewest,Provincie Luik,Arrondissement Verviers,Amel,1986
België,Vlaams Gewest,Provincie Vlaams-Brabant,Arrondissement Halle-Vilvoorde,Drogenbos,1980
België,Waals Gewest,Provincie Luxemburg,Arrondissement Bastenaken,Houffalize,1973
België,Waals Gewest,Provincie Namen,Arrondissement Philippeville,Cerfontaine,1946
België,Vlaams Gewest,Provincie West-Vlaanderen,Arrondissement Veurne,Alveringem,1917
België,Waals Gewest,Provincie Luxemburg,Arrondissement Bastenaken,Gouvy,1904
België,Waals Gewest,Provincie Luxemburg,Arrondissement Neufchâteau,Libin,1887
België,Vlaams Gewest,Provincie Vlaams-Brabant,Arrondissement Halle-Vilvoorde,Linkebeek,1877
België,Waals Gewest,Provincie Luik,Arrondissement Verviers,Thimister-Clermont,1877
België,Waals Gewest,Provincie Luik,Arrondissement Hoei,Ferrières,1874
België,Waals Gewest,Provincie Namen,Arrondissement Dinant,Gedinne,1874
België,Waals Gewest,Provincie Namen,Arrondissement Dinant,Houyet,1857
België,Waals Gewest,Provincie Luxemburg,Arrondissement Marche-en-Famenne,La Roche-en-Ardenne,1851
België,Waals Gewest,Provincie Namen,Arrondissement Dinant,Havelange,1847
België,Waals Gewest,Provincie Luik,Arrondissement Hoei,Héron,1840
België,Waals Gewest,Provincie Luxemburg,Arrondissement Bastenaken,Vaux-sur-Sûre,1793
België,Waals Gewest,Provincie Namen,Arrondissement Namen,Ohey,1780
België,Waals Gewest,Provincie Waals-Brabant,Arrondissement Nijvel,Incourt,1775
België,Waals Gewest,Provincie Luxemburg,Arrondissement Aarlen,Attert,1740
België,Waals Gewest,Provincie Luxemburg,Arrondissement Neufchâteau,Léglise,1708
België,Waals Gewest,Provincie Henegouwen,Arrondissement Bergen,Lens,1707
België,Waals Gewest,Provincie Henegouwen,Arrondissement Thuin,Merbes-le-Château,1682
België,Waals Gewest,Provincie Luxemburg,Arrondissement Virton,Musson,1674
België,Waals Gewest,Provincie Luik,Arrondissement Hoei,Clavier,1669
België,Waals Gewest,Provincie Luik,Arrondissement Hoei,Anthisnes,1629
België,Vlaams Gewest,Provincie Limburg,Arrondissement Tongeren,Voeren,1620
België,Waals Gewest,Provincie Luik,Arrondissement Verviers,Aubel,1596
België,Waals Gewest,Provincie Luik,Arrondissement Verviers,Baelen,1574
België,Waals Gewest,Provincie Luik,Arrondissement Hoei,Hamoir,1570
België,Vlaams Gewest,Provincie Vlaams-Brabant,Arrondissement Halle-Vilvoorde,Pepingen,1557
België,Waals Gewest,Provincie Luik,Arrondissement Hoei,Modave,1510
België,Waals Gewest,Provincie Henegouwen,Arrondissement Thuin,Froidchapelle,1508
België,Waals Gewest,Provincie Luik,Arrondissement Verviers,Burg-Reuland,1490
België,Waals Gewest,Provincie Luxemburg,Arrondissement Virton,Tintigny,1489
België,Waals Gewest,Provincie Luik,Arrondissement Verviers,Olne,1488
België,Vlaams Gewest,Provincie West-Vlaanderen,Arrondissement Ieper,Vleteren,1406
België,Waals Gewest,Provincie Luik,Arrondissement Borgworm,Oerle,1404
België,Waals Gewest,Provincie Henegouwen,Arrondissement Aat,Brugelette,1376
België,Waals Gewest,Provincie Luik,Arrondissement Hoei,Verlaine,1376
België,Waals Gewest,Provincie Henegouwen,Arrondissement Doornik,Mont-de-l’Enclus,1372
België,Waals Gewest,Provincie Luik,Arrondissement Borgworm,Faimes,1369
België,Waals Gewest,Provincie Luik,Arrondissement Verviers,Lierneux,1345
België,Waals Gewest,Provincie Henegouwen,Arrondissement Aat,Vloesberg,1331
België,Waals Gewest,Provincie Luxemburg,Arrondissement Marche-en-Famenne,Manhay,1311
België,Waals Gewest,Provincie Namen,Arrondissement Dinant,Bièvre,1286
België,Waals Gewest,Provincie Waals-Brabant,Arrondissement Nijvel,Hélécine,1274
België,Waals Gewest,Provincie Luxemburg,Arrondissement Virton,Saint-Léger (Virton),1270
België,Waals Gewest,Provincie Namen,Arrondissement Dinant,Onhaye,1258
België,Waals Gewest,Provincie Namen,Arrondissement Dinant,Vresse-sur-Semois,1256
België,Waals Gewest,Provincie Luxemburg,Arrondissement Marche-en-Famenne,Erezée,1254
België,Vlaams Gewest,Provincie West-Vlaanderen,Arrondissement Diksmuide,Lo-Reninge,1207
België,Waals Gewest,Provincie Luik,Arrondissement Verviers,Stoumont,1204
België,Waals Gewest,Provincie Luik,Arrondissement Borgworm,Fexhe-le-Haut-Clocher,1201
België,Waals Gewest,Provincie Luik,Arrondissement Borgworm,Lijsem,1193
België,Waals Gewest,Provincie Luxemburg,Arrondissement Bastenaken,Bertogne,1168
België,Waals Gewest,Provincie Namen,Arrondissement Philippeville,Doische,1168
België,Waals Gewest,Provincie Luik,Arrondissement Borgworm,Crisnée,1158
België,Waals Gewest,Provincie Luik,Arrondissement Borgworm,Berloz,1150
België,Waals Gewest,Provincie Luxemburg,Arrondissement Neufchâteau,Wellin,1148
België,Waals Gewest,Provincie Luik,Arrondissement Borgworm,Geer,1145
België,Waals Gewest,Provincie Luik,Arrondissement Hoei,Burdinne,1120
België,Waals Gewest,Provincie Luxemburg,Arrondissement Virton,Meix-devant-Virton,1120
België,Vlaams Gewest,Provincie West-Vlaanderen,Arrondissement Brugge,Zuienkerke,1097
België,Waals Gewest,Provincie Luik,Arrondissement Borgworm,Donceel,1085
België,Waals Gewest,Provincie Luik,Arrondissement Hoei,Ouffet,1081
België,Waals Gewest,Provincie Luxemburg,Arrondissement Marche-en-Famenne,Tenneville,1036
België,Vlaams Gewest,Provincie Antwerpen,Arrondissement Turnhout,Baarle-Hertog,1028
België,Waals Gewest,Provincie Luik,Arrondissement Verviers,Trois-Ponts,1015
België,Waals Gewest,Provincie Luik,Arrondissement Borgworm,Wasseiges,990
België,Waals Gewest,Provincie Luxemburg,Arrondissement Marche-en-Famenne,Rendeux,990
België,Waals Gewest,Provincie Luxemburg,Arrondissement Neufchâteau,Tellin,981
België,Waals Gewest,Provincie Luxemburg,Arrondissement Bastenaken,Sainte-Ode,934
België,Waals Gewest,Provincie Luik,Arrondissement Hoei,Tinlot,921
België,Vlaams Gewest,Provincie West-Vlaanderen,Arrondissement Kortrijk,Spiere-Helkijn,845
België,Vlaams Gewest,Provincie Vlaams-Brabant,Arrondissement Halle-Vilvoorde,Bever,831
België,Waals Gewest,Provincie Luxemburg,Arrondissement Bastenaken,Fauvillers,798
België,Waals Gewest,Provincie Luxemburg,Arrondissement Virton,Rouvroy,793
België,Vlaams Gewest,Provincie Oost-Vlaanderen,Arrondissement Oudenaarde,Horebeke,750
België,Waals Gewest,Provincie Luxemburg,Arrondissement Aarlen,Martelange,701
België,Waals Gewest,Provincie Luxemburg,Arrondissement Neufchâteau,Herbeumont,652
België,Waals Gewest,Provincie Luxemburg,Arrondissement Neufchâteau,Daverdisse,583
België,Vlaams Gewest,Provincie West-Vlaanderen,Arrondissement Ieper,Mesen,408
België,Vlaams Gewest,Provincie Limburg,Arrondissement Tongeren,Herstappe,28
België,,,,,4503194
